Workbook

Sheet KA
A1: Mandya | B1: Debit | G1: ASM | H1: Mandya | I1: Pending Bills | J1: (< 15 days ) | K1: 15 to 30 days | L1: 30 to 45 days | M1: 45 to 60 days | N1: 60 to 90 days | O1: 90 to 180 days | P1: 180 to 365 days | Q1: 365 to 730 days | R1: (> 730 days )
A2: Abhishek Poultry Farm K Shetthali | B2: 30300 | D2: =VLOOKUP(A2,$H$2:$I$105,2,0) -> 30300 | E2: =+B2-D2 -> 0 | G2: Direct - Active | H2: Chowdayya Poultry Farms Malavalli | I2: =SUM(J2:R2) -> 13625 | N2: 13625
A3: Akash Pig Farm | B3: 6570 | D3: =VLOOKUP(A3,$H$2:$I$105,2,0) -> 6570 | E3: =+B3-D3 -> 0 | G3: Direct - Active | H3: G.P.P.Poultry Farm | I3: =SUM(J3:R3) -> 4307350 | J3: 912190 | K3: 1141200 | L3: 900410 | M3: 686000 | N3: 667550
A4: Amol Pig Farm | B4: 104690 | D4: =VLOOKUP(A4,$H$2:$I$105,2,0) -> 104690 | E4: =+B4-D4 -> 0 | G4: Direct - Active | H4: Javare Gowda Dairy Farm | I4: =SUM(J4:R4) -> 8815 | N4: 3320 | O4: 5495
A5: Ananya Poultry Farm & Supplies | B5: 54000 | D5: =VLOOKUP(A5,$H$2:$I$105,2,0) -> 54000 | E5: =+B5-D5 -> 0 | G5: Direct - Active | H5: Jogi Gowda Poultry Farm | I5: =SUM(J5:R5) -> 86330 | J5: 27230 | K5: 59100
A6: Ashok Poultry Farm_x000D_ | B6: 599850 | D6: =VLOOKUP(A6,$H$2:$I$105,2,0) -> 599850 | E6: =+B6-D6 -> 0 | G6: Direct - Active | H6: K G Satya Poultry Farm | I6: =SUM(J6:R6) -> 367278 | J6: =375200-192112 -> 183088 | K6: 95800 | M6: 88390
A7: Associate Professor Dept.of ILFC Dairy | B7: 8911 | D7: =VLOOKUP(A7,$H$2:$I$105,2,0) -> 8911 | E7: =+B7-D7 -> 0 | G7: Direct - Active | H7: Krishna Poultry Farm | I7: =SUM(J7:R7) -> 2754944.5 | K7: 225100 | M7: 186650 | N7: 174300 | O7: 1702445 | P7: =680294.52-213845 -> 466449.52
A8: Bandipura Breeders, Mysore | B8: 933158 | D8: =VLOOKUP(A8,$H$2:$I$105,2,0) -> 933158 | E8: =+B8-D8 -> 0 | G8: Direct - Active | H8: Kumar Poultry Farm | I8: =SUM(J8:R8) -> 1025 | O8: 1025
A9: BJS Poultry Farm | B9: 306533 | D9: =VLOOKUP(A9,$H$2:$I$105,2,0) -> 306533 | E9: =+B9-D9 -> 0 | G9: Direct - Active | H9: Muralidhar Poultry Farm | I9: =SUM(J9:R9) -> 55445 | J9: 55445
A10: Chaluvaraya Swamy Poultry Farm,Channapatna | B10: 183720 | D10: =VLOOKUP(A10,$H$2:$I$105,2,0) -> 183720 | E10: =+B10-D10 -> 0 | G10: Direct - Active | H10: Nandish Poultry Farm Mandya | I10: =SUM(J10:R10) -> 3950 | M10: 3950
A11: Chowdayya Poultry Farms Malavalli | B11: 13625 | D11: =VLOOKUP(A11,$H$2:$I$105,2,0) -> 13625 | E11: =+B11-D11 -> 0 | G11: Direct - Active | H11: Poonacha PB | I11: =SUM(J11:R11) -> 31300 | L11: 31300
A12: Deeksha Vet Medicals | B12: 52000 | D12: =VLOOKUP(A12,$H$2:$I$105,2,0) -> 52000 | E12: =+B12-D12 -> 0 | G12: Direct - Active | H12: Prasanan Kumar Poultry Farm | I12: =SUM(J12:R12) -> 1280 | O12: 1280
A13: Devapriya Foods & Feeds,Honnavara | B13: 511820 | D13: =VLOOKUP(A13,$H$2:$I$105,2,0) -> 511820 | E13: =+B13-D13 -> 0 | G13: Direct - Active | H13: Prasanna Pig Farm | I13: =SUM(J13:R13) -> 180 | K13: 180
A14: Devaraja Poultry Farm | B14: 461812 | D14: =VLOOKUP(A14,$H$2:$I$105,2,0) -> 461812 | E14: =+B14-D14 -> 0 | G14: Direct - Active | H14: Prathapa Poultry Farm | I14: =SUM(J14:R14) -> 47355 | O14: 47355
A15: G.P.P.Poultry Farm | B15: 4307350 | D15: =VLOOKUP(A15,$H$2:$I$105,2,0) -> 4307350 | E15: =+B15-D15 -> 0 | G15: Direct - Active | H15: Rajatha Poultry Farm | I15: =SUM(J15:R15) -> 8185 | M15: 8185
A16: Gurunatha Poultry Farm | B16: 900848 | D16: =VLOOKUP(A16,$H$2:$I$105,2,0) -> 900848 | E16: =+B16-D16 -> 0 | G16: Direct - Active | H16: Ramesh Poultry Farms | I16: =SUM(J16:R16) -> 56995 | M16: 4270 | N16: 12315 | O16: 40410
A17: Happy Chicken Centre | B17: 1341583 | D17: =VLOOKUP(A17,$H$2:$I$105,2,0) -> 1341583 | E17: =+B17-D17 -> 0 | G17: Direct - Active | H17: Sanjaya.K Poultry Farm | I17: =SUM(J17:R17) -> 4590 | L17: 4590
A18: Harish Poultry Farm- Mandya | B18: 13280 | D18: =VLOOKUP(A18,$H$2:$I$105,2,0) -> 13280 | E18: =+B18-D18 -> 0 | G18: Direct - Active | H18: Sanjay S, Veterinary College Hebbal | I18: =SUM(J18:R18) -> 62003 | N18: 62003
A19: Hunter Chicken & Eggs India (OPC) Pvt Ltd | B19: 753532 | D19: =VLOOKUP(A19,$H$2:$I$105,2,0) -> 753532 | E19: =+B19-D19 -> 0 | G19: Direct - Active | H19: Sathish Poultry Farm ,Maddur | I19: =SUM(J19:R19) -> 22780 | R19: 22780
A20: Javare Gowda Dairy Farm | B20: 8815 | D20: =VLOOKUP(A20,$H$2:$I$105,2,0) -> 8815 | E20: =+B20-D20 -> 0 | G20: Direct - Active | H20: Sharath Poultry Farm | I20: =SUM(J20:R20) -> 113005 | N20: 112200 | O20: 805
A21: Jayalinga Poultry Farm | B21: 131750 | D21: =VLOOKUP(A21,$H$2:$I$105,2,0) -> 131750 | E21: =+B21-D21 -> 0 | G21: Direct - Active | H21: Siddaramu Dairy Farm Kodyala | I21: =SUM(J21:R21) -> 795 | N21: 795
A22: Jayanthi Associates, Kannur | B22: 3222982 | D22: =VLOOKUP(A22,$H$2:$I$105,2,0) -> 3222982 | E22: =+B22-D22 -> 0 | G22: Direct - Active | H22: Sree Lakshmi Ranganatha Poultry Farm & Services | I22: =SUM(J22:R22) -> 589294 | L22: 415500 | N22: 173794
A23: Jayaraju Poultry Farm_x000D_ | B23: 296940 | D23: =VLOOKUP(A23,$H$2:$I$105,2,0) -> 296940 | E23: =+B23-D23 -> 0 | G23: Direct - Active | H23: Sridhar Poultry Farm - Nagamangala | I23: =SUM(J23:R23) -> 10700 | K23: 10700
A24: J K Pig Farm, Chllakere | B24: 1639250 | D24: =VLOOKUP(A24,$H$2:$I$105,2,0) -> 1639250 | E24: =+B24-D24 -> 0 | G24: Direct - Active | H24: Tilk Poultry Farm | I24: =SUM(J24:R24) -> 2060 | M24: 20 | O24: 2040
A25: Jogi Gowda Poultry Farm | B25: 86330 | D25: =VLOOKUP(A25,$H$2:$I$105,2,0) -> 86330 | E25: =+B25-D25 -> 0 | G25: Direct - Active | H25: Udaya Poultry Farm | I25: =SUM(J25:R25) -> 7705 | L25: 7705
A26: Jyothi Poultry Farm | B26: 53935 | D26: =VLOOKUP(A26,$H$2:$I$105,2,0) -> 53935 | E26: =+B26-D26 -> 0 | G26: Direct - Active | H26: Varadaraj Poultry Farm | I26: =SUM(J26:R26) -> 2025 | L26: 2025
A27: Kannadiga Poultry Farm | B27: 950 | D27: =VLOOKUP(A27,$H$2:$I$105,2,0) -> 950 | E27: =+B27-D27 -> 0 | G27: Direct - Active | H27: Veteran Laboratories | I27: =SUM(J27:R27) -> 13775 | Q27: 2600 | R27: 11175
A28: Kempanna Poultry Farm | B28: 4350 | D28: =VLOOKUP(A28,$H$2:$I$105,2,0) -> 4350 | E28: =+B28-D28 -> 0 | G28: Direct - Active | H28: Veterinary Collage Hebbal | I28: =SUM(J28:R28) -> 5928 | O28: 5928
A29: K G Satya Poultry Farm | B29: 367278 | D29: =VLOOKUP(A29,$H$2:$I$105,2,0) -> 367278 | E29: =+B29-D29 -> 0 | G29: Direct - Active | H29: Vishwanatha Poultry Farm | I29: =SUM(J29:R29) -> 2345 | J29: 2345
A30: KPR Agros Poultries Pvt Ltd | B30: 6650 | D30: =VLOOKUP(A30,$H$2:$I$105,2,0) -> 6650 | E30: =+B30-D30 -> 0 | G30: Direct - Active | H30: V N Poultry Farm | I30: =SUM(J30:R30) -> 605 | N30: 605
A31: Krishna Murthy Labour | B31: 2000 | D31: =VLOOKUP(A31,$H$2:$I$105,2,0) -> 2000 | E31: =+B31-D31 -> 0 | G31: Direct - Inactive | H31: Abhishek Poultry Farm K Shetthali | I31: =SUM(J31:R31) -> 30300 | Q31: 30300
A32: Krishna Poultry Farm | B32: 2754944.5 | D32: =VLOOKUP(A32,$H$2:$I$105,2,0) -> 2754944.5 | E32: =+B32-D32 -> 0 | G32: Direct - Inactive | H32: Akash Pig Farm | I32: =SUM(J32:R32) -> 6570 | Q32: 6570
A33: Krishnappa | B33: 594147.4 | D33: =VLOOKUP(A33,$H$2:$I$105,2,0) -> 594147.4 | E33: =+B33-D33 -> 0 | G33: Direct - Inactive | H33: Amol Pig Farm | I33: =SUM(J33:R33) -> 104690 | Q33: 76240 | R33: 28450
A34: Krushie Kushie C/O Rakshitha | B34: 864426 | D34: =VLOOKUP(A34,$H$2:$I$105,2,0) -> 864426 | E34: =+B34-D34 -> 0 | G34: Direct - Inactive | H34: Ananya Poultry Farm & Supplies | I34: =SUM(J34:R34) -> 54000 | R34: 54000
A35: Kumar Poultry Farm | B35: 1025 | D35: =VLOOKUP(A35,$H$2:$I$105,2,0) -> 1025 | E35: =+B35-D35 -> 0 | G35: Direct - Inactive | H35: Ashok Poultry Farm_x000D_ | I35: =SUM(J35:R35) -> 599850 | R35: 599850
A36: Lalitha Farm, Kadur | B36: 36700 | D36: =VLOOKUP(A36,$H$2:$I$105,2,0) -> 36700 | E36: =+B36-D36 -> 0 | G36: Direct - Inactive | H36: Associate Professor Dept.of ILFC Dairy | I36: =SUM(J36:R36) -> 8911 | R36: 8911
A37: Madduramma Poultry Farm | B37: 76200 | D37: =VLOOKUP(A37,$H$2:$I$105,2,0) -> 76200 | E37: =+B37-D37 -> 0 | G37: Direct - Inactive | H37: Bandipura Breeders, Mysore | I37: =SUM(J37:R37) -> 933158 | R37: 933158
A38: Megha Poultry Farm | B38: 317430 | D38: =VLOOKUP(A38,$H$2:$I$105,2,0) -> 317430 | E38: =+B38-D38 -> 0 | G38: Direct - Inactive | H38: BJS Poultry Farm | I38: =SUM(J38:R38) -> 306533 | R38: 306533
A39: M.Nataraja S/O M.R.Muniswamy | B39: 101265 | D39: =VLOOKUP(A39,$H$2:$I$105,2,0) -> 101265 | E39: =+B39-D39 -> 0 | G39: Direct - Inactive | H39: Chaluvaraya Swamy Poultry Farm,Channapatna | I39: =SUM(J39:R39) -> 183720 | R39: 183720
A40: Muralidhar Poultry Farm | B40: 55445 | D40: =VLOOKUP(A40,$H$2:$I$105,2,0) -> 55445 | E40: =+B40-D40 -> 0 | G40: Direct - Inactive | H40: Deeksha Vet Medicals | I40: =SUM(J40:R40) -> 52000 | P40: 52000
A41: Murali Pig Farm | B41: 4000 | D41: =VLOOKUP(A41,$H$2:$I$105,2,0) -> 4000 | E41: =+B41-D41 -> 0 | G41: Direct - Inactive | H41: Devapriya Foods & Feeds,Honnavara | I41: =SUM(J41:R41) -> 511820 | R41: 511820
A42: Nandan Agencies | B42: 496253 | D42: =VLOOKUP(A42,$H$2:$I$105,2,0) -> 496253 | E42: =+B42-D42 -> 0 | G42: Direct - Inactive | H42: Devaraja Poultry Farm | I42: =SUM(J42:R42) -> 461812 | R42: 461812
A43: Nandish Poultry Farm Mandya | B43: 3950 | D43: =VLOOKUP(A43,$H$2:$I$105,2,0) -> 3950 | E43: =+B43-D43 -> 0 | G43: Direct - Inactive | H43: Gurunatha Poultry Farm | I43: =SUM(J43:R43) -> 900848 | R43: 900848
A44: Narayana Poultry Farm | B44: 2610248 | D44: =VLOOKUP(A44,$H$2:$I$105,2,0) -> 2610248 | E44: =+B44-D44 -> 0 | G44: Direct - Inactive | H44: Happy Chicken Centre | I44: =SUM(J44:R44) -> 1341583 | Q44: 668000 | R44: 673583
A45: Nellukkarans Foods & Feeds Pvt Ltd | B45: 528500 | D45: =VLOOKUP(A45,$H$2:$I$105,2,0) -> 528500 | E45: =+B45-D45 -> 0 | G45: Direct - Inactive | H45: Harish Poultry Farm- Mandya | I45: =SUM(J45:R45) -> 13280 | Q45: 13280
A46: Ningappa Poultry Farm | B46: 688177 | D46: =VLOOKUP(A46,$H$2:$I$105,2,0) -> 688177 | E46: =+B46-D46 -> 0 | G46: Direct - Inactive | H46: Hunter Chicken & Eggs India (OPC) Pvt Ltd | I46: =SUM(J46:R46) -> 753532 | R46: 753532
A47: Ningaraju Poultry Farm | B47: 23175 | D47: =VLOOKUP(A47,$H$2:$I$105,2,0) -> 23175 | E47: =+B47-D47 -> 0 | G47: Direct - Inactive | H47: Jayalinga Poultry Farm | I47: =SUM(J47:R47) -> 131750 | O47: 106925 | R47: 24825
A48: Poonacha PB | B48: 31300 | D48: =VLOOKUP(A48,$H$2:$I$105,2,0) -> 31300 | E48: =+B48-D48 -> 0 | G48: Direct - Inactive | H48: Jayanthi Associates, Kannur | I48: =SUM(J48:R48) -> 3222982 | R48: 3222982
A49: Pramod Kumar.C Poultry Farm | B49: 47200 | D49: =VLOOKUP(A49,$H$2:$I$105,2,0) -> 47200 | E49: =+B49-D49 -> 0 | G49: Direct - Inactive | H49: Jayaraju Poultry Farm_x000D_ | I49: =SUM(J49:R49) -> 296940 | R49: 296940
A50: Prasanan Kumar Poultry Farm | B50: 1280 | D50: =VLOOKUP(A50,$H$2:$I$105,2,0) -> 1280 | E50: =+B50-D50 -> 0 | G50: Direct - Inactive | H50: J K Pig Farm, Chllakere | I50: =SUM(J50:R50) -> 1639250 | R50: 1639250
A51: Prasanna Pig Farm | B51: 180 | D51: =VLOOKUP(A51,$H$2:$I$105,2,0) -> 180 | E51: =+B51-D51 -> 0 | G51: Direct - Inactive | H51: Jyothi Poultry Farm | I51: =SUM(J51:R51) -> 53935 | Q51: 53935
A52: Prathapa Poultry Farm | B52: 47355 | D52: =VLOOKUP(A52,$H$2:$I$105,2,0) -> 47355 | E52: =+B52-D52 -> 0 | G52: Direct - Inactive | H52: Kannadiga Poultry Farm | I52: =SUM(J52:R52) -> 950 | P52: 950
A53: Praveen Poultry Farm - Koppa | B53: 45014 | D53: =VLOOKUP(A53,$H$2:$I$105,2,0) -> 45014 | E53: =+B53-D53 -> 0 | G53: Direct - Inactive | H53: Kempanna Poultry Farm | I53: =SUM(J53:R53) -> 4350 | P53: 4350
A54: Principal Investigator | B54: 51000 | D54: =VLOOKUP(A54,$H$2:$I$105,2,0) -> 51000 | E54: =+B54-D54 -> 0 | G54: Direct - Inactive | H54: Krishna Murthy Labour | I54: =SUM(J54:R54) -> 2000 | O54: 385 | P54: 1615
A55: Puttaswamy Poultry Farm- Channapatna | B55: 235925 | D55: =VLOOKUP(A55,$H$2:$I$105,2,0) -> 235925 | E55: =+B55-D55 -> 0 | G55: Direct - Inactive | H55: Krishnappa | I55: =SUM(J55:R55) -> 594147.4 | R55: 594147.4
A56: Quality Poultry Farms & Feeds | B56: 755000 | D56: =VLOOKUP(A56,$H$2:$I$105,2,0) -> 755000 | E56: =+B56-D56 -> 0 | G56: Direct - Inactive | H56: Krushie Kushie C/O Rakshitha | I56: =SUM(J56:R56) -> 864426 | P56: 864426
A57: Raghavendra Poultry Farms | B57: 63075 | D57: =VLOOKUP(A57,$H$2:$I$105,2,0) -> 63075 | E57: =+B57-D57 -> 0 | G57: Direct - Inactive | H57: Lalitha Farm, Kadur | I57: =SUM(J57:R57) -> 36700 | R57: 36700
A58: Rajatha Poultry Farm | B58: 8185 | D58: =VLOOKUP(A58,$H$2:$I$105,2,0) -> 8185 | E58: =+B58-D58 -> 0 | G58: Direct - Inactive | H58: Madduramma Poultry Farm | I58: =SUM(J58:R58) -> 76200 | R58: 76200
A59: Raju Poultry Farm Mandya | B59: 14160 | D59: =VLOOKUP(A59,$H$2:$I$105,2,0) -> 14160 | E59: =+B59-D59 -> 0 | G59: Direct - Inactive | H59: Megha Poultry Farm | I59: =SUM(J59:R59) -> 317430 | R59: 317430
A60: Ramesh Poultry Farms | B60: 56995 | D60: =VLOOKUP(A60,$H$2:$I$105,2,0) -> 56995 | E60: =+B60-D60 -> 0 | G60: Direct - Inactive | H60: M.Nataraja S/O M.R.Muniswamy | I60: =SUM(J60:R60) -> 101265 | R60: 101265
A61: Ranjith Pig Farm | B61: 3940 | D61: =VLOOKUP(A61,$H$2:$I$105,2,0) -> 3940 | E61: =+B61-D61 -> 0 | G61: Direct - Inactive | H61: Murali Pig Farm | I61: =SUM(J61:R61) -> 4000 | Q61: 4000
A62: Ravi Poultry Farm,K M Doddi | B62: 24960 | D62: =VLOOKUP(A62,$H$2:$I$105,2,0) -> 24960 | E62: =+B62-D62 -> 0 | G62: Direct - Inactive | H62: Nandan Agencies | I62: =SUM(J62:R62) -> 496253 | R62: 496253
A63: Roopa Poultry Farm | B63: 119005.51 | D63: =VLOOKUP(A63,$H$2:$I$105,2,0) -> 119005.51 | E63: =+B63-D63 -> 0 | G63: Direct - Inactive | H63: Narayana Poultry Farm | I63: =SUM(J63:R63) -> 2610248 | R63: 2610248
A64: Sakshi Feeds & Farms | B64: 215059 | D64: =VLOOKUP(A64,$H$2:$I$105,2,0) -> 215059 | E64: =+B64-D64 -> 0 | G64: Direct - Inactive | H64: Nellukkarans Foods & Feeds Pvt Ltd | I64: =SUM(J64:R64) -> 528500 | R64: 528500
A65: Sameer Khan Pf Maddur | B65: 1330 | D65: =VLOOKUP(A65,$H$2:$I$105,2,0) -> 1330 | E65: =+B65-D65 -> 0 | G65: Direct - Inactive | H65: Ningappa Poultry Farm | I65: =SUM(J65:R65) -> 688177 | R65: 688177
A66: Sanjaya.K Poultry Farm | B66: 4590 | D66: =VLOOKUP(A66,$H$2:$I$105,2,0) -> 4590 | E66: =+B66-D66 -> 0 | G66: Direct - Inactive | H66: Ningaraju Poultry Farm | I66: =SUM(J66:R66) -> 23175 | Q66: 23175
A67: Sanjay S, Veterinary College Hebbal | B67: 62003 | D67: =VLOOKUP(A67,$H$2:$I$105,2,0) -> 62003 | E67: =+B67-D67 -> 0 | G67: Direct - Inactive | H67: Pramod Kumar.C Poultry Farm | I67: =SUM(J67:R67) -> 47200 | R67: 47200
A68: Santhosh PF | B68: 241849 | D68: =VLOOKUP(A68,$H$2:$I$105,2,0) -> 241849 | E68: =+B68-D68 -> 0 | G68: Direct - Inactive | H68: Praveen Poultry Farm - Koppa | I68: =SUM(J68:R68) -> 45014 | R68: 45014
A69: Santhosh Poultry Farm | B69: 356899 | D69: =VLOOKUP(A69,$H$2:$I$105,2,0) -> 356899 | E69: =+B69-D69 -> 0 | G69: Direct - Inactive | H69: Principal Investigator | I69: =SUM(J69:R69) -> 51000 | R69: 51000
A70: S A Poultry Farm | B70: 653616 | D70: =VLOOKUP(A70,$H$2:$I$105,2,0) -> 653616 | E70: =+B70-D70 -> 0 | G70: Direct - Inactive | H70: Puttaswamy Poultry Farm- Channapatna | I70: =SUM(J70:R70) -> 235925 | R70: 235925
A71: Sathish Poultry Farm ,Maddur | B71: 22780 | D71: =VLOOKUP(A71,$H$2:$I$105,2,0) -> 22780 | E71: =+B71-D71 -> 0 | G71: Direct - Inactive | H71: Quality Poultry Farms & Feeds | I71: =SUM(J71:R71) -> 755000 | R71: 755000
A72: S.B.Agencies | B72: 1304929 | D72: =VLOOKUP(A72,$H$2:$I$105,2,0) -> 1304929 | E72: =+B72-D72 -> 0 | G72: Direct - Inactive | H72: Raghavendra Poultry Farms | I72: =SUM(J72:R72) -> 63075 | Q72: 48450 | R72: 14625
A73: Sharath Poultry Farm | B73: 113005 | D73: =VLOOKUP(A73,$H$2:$I$105,2,0) -> 113005 | E73: =+B73-D73 -> 0 | G73: Direct - Inactive | H73: Raju Poultry Farm Mandya | I73: =SUM(J73:R73) -> 14160 | R73: 14160
A74: Shashi Poultry Farm | B74: 874075 | D74: =VLOOKUP(A74,$H$2:$I$105,2,0) -> 874075 | E74: =+B74-D74 -> 0 | G74: Direct - Inactive | H74: Ranjith Pig Farm | I74: =SUM(J74:R74) -> 3940 | O74: 3940
A75: Shree Harsha R | B75: 18295 | D75: =VLOOKUP(A75,$H$2:$I$105,2,0) -> 18295 | E75: =+B75-D75 -> 0 | G75: Direct - Inactive | H75: Ravi Poultry Farm,K M Doddi | I75: =SUM(J75:R75) -> 24960 | R75: 24960
A76: Siddaramu Dairy Farm Kodyala | B76: 795 | D76: =VLOOKUP(A76,$H$2:$I$105,2,0) -> 795 | E76: =+B76-D76 -> 0 | G76: Direct - Inactive | H76: Roopa Poultry Farm | I76: =SUM(J76:R76) -> 119005.51 | R76: 119005.51
A77: S K Poultry Farm | B77: 223000 | D77: =VLOOKUP(A77,$H$2:$I$105,2,0) -> 223000 | E77: =+B77-D77 -> 0 | G77: Direct - Inactive | H77: Sakshi Feeds & Farms | I77: =SUM(J77:R77) -> 215059 | R77: 215059
A78: SLV Poultry Farm | B78: 5950 | D78: =VLOOKUP(A78,$H$2:$I$105,2,0) -> 5950 | E78: =+B78-D78 -> 0 | G78: Direct - Inactive | H78: Sameer Khan Pf Maddur | I78: =SUM(J78:R78) -> 1330 | O78: 1330
A79: Spoorthy Poultry Farm | B79: 840572 | D79: =VLOOKUP(A79,$H$2:$I$105,2,0) -> 840572 | E79: =+B79-D79 -> 0 | G79: Direct - Inactive | H79: Santhosh PF | I79: =SUM(J79:R79) -> 241849 | R79: 241849
A80: Sree Lakshmi Ranganatha Poultry Farm & Services | B80: 589294 | D80: =VLOOKUP(A80,$H$2:$I$105,2,0) -> 589294 | E80: =+B80-D80 -> 0 | G80: Direct - Inactive | H80: Santhosh Poultry Farm | I80: =SUM(J80:R80) -> 356899 | R80: 356899
A81: Sree Sai Poultry Farm | B81: 436800 | D81: =VLOOKUP(A81,$H$2:$I$105,2,0) -> 436800 | E81: =+B81-D81 -> 0 | G81: Direct - Inactive | H81: S A Poultry Farm | I81: =SUM(J81:R81) -> 653616 | R81: 653616
A82: Sridhar Poultry Farm - Nagamangala | B82: 10700 | D82: =VLOOKUP(A82,$H$2:$I$105,2,0) -> 10700 | E82: =+B82-D82 -> 0 | G82: Direct - Inactive | H82: S.B.Agencies | I82: =SUM(J82:R82) -> 1304929 | R82: 1304929
A83: Sri Lakshmi Poultry Farm | B83: 105900 | D83: =VLOOKUP(A83,$H$2:$I$105,2,0) -> 105900 | E83: =+B83-D83 -> 0 | G83: Direct - Inactive | H83: Shashi Poultry Farm | I83: =SUM(J83:R83) -> 874075 | R83: 874075
A84: Sri Sai Poultry Farm | B84: 823063 | D84: =VLOOKUP(A84,$H$2:$I$105,2,0) -> 823063 | E84: =+B84-D84 -> 0 | G84: Direct - Inactive | H84: Shree Harsha R | I84: =SUM(J84:R84) -> 18295 | Q84: 18295
A85: Sri Sai Ram Poultry Farm | B85: 786840 | D85: =VLOOKUP(A85,$H$2:$I$105,2,0) -> 786840 | E85: =+B85-D85 -> 0 | G85: Direct - Inactive | H85: S K Poultry Farm | I85: =SUM(J85:R85) -> 223000 | R85: 223000
A86: Sri Sharada Gunny Merchents | B86: 34169.68 | D86: =VLOOKUP(A86,$H$2:$I$105,2,0) -> 34169.68 | E86: =+B86-D86 -> 0 | G86: Direct - Inactive | H86: Spoorthy Poultry Farm | I86: =SUM(J86:R86) -> 840572 | R86: 840572
A87: Sri Surya Agency | B87: 92625 | D87: =VLOOKUP(A87,$H$2:$I$105,2,0) -> 92625 | E87: =+B87-D87 -> 0 | G87: Direct - Inactive | H87: Sri Lakshmi Poultry Farm | I87: =SUM(J87:R87) -> 105900 | R87: 105900
A88: Sri Vigneshwara Poultry Services | B88: 814865 | D88: =VLOOKUP(A88,$H$2:$I$105,2,0) -> 814865 | E88: =+B88-D88 -> 0 | G88: Direct - Inactive | H88: Sri Sai Poultry Farm | I88: =SUM(J88:R88) -> 823063 | R88: 823063
A89: Sudha Poultry Farm | B89: 66000 | D89: =VLOOKUP(A89,$H$2:$I$105,2,0) -> 66000 | E89: =+B89-D89 -> 0 | G89: Direct - Inactive | H89: Sri Sai Ram Poultry Farm | I89: =SUM(J89:R89) -> 786840 | R89: 786840
A90: Suma Poultry Farm | B90: 12375 | D90: =VLOOKUP(A90,$H$2:$I$105,2,0) -> 12375 | E90: =+B90-D90 -> 0 | G90: Direct - Inactive | H90: Sri Sharada Gunny Merchents | I90: =SUM(J90:R90) -> 34169.68 | R90: 34169.68
A91: Sumedha Broiler Farms | B91: 6510 | D91: =VLOOKUP(A91,$H$2:$I$105,2,0) -> 6510 | E91: =+B91-D91 -> 0 | G91: Direct - Inactive | H91: Sri Surya Agency | I91: =SUM(J91:R91) -> 92625 | R91: 92625
A92: Sumuka Enterprises | B92: 1366469 | D92: =VLOOKUP(A92,$H$2:$I$105,2,0) -> 1366469 | E92: =+B92-D92 -> 0 | G92: Direct - Inactive | H92: Sri Vigneshwara Poultry Services | I92: =SUM(J92:R92) -> 814865 | R92: 814865
A93: Suraja Poultry Farm | B93: 30300 | D93: =VLOOKUP(A93,$H$2:$I$105,2,0) -> 30300 | E93: =+B93-D93 -> 0 | G93: Direct - Inactive | H93: Sudha Poultry Farm | I93: =SUM(J93:R93) -> 66000 | O93: 63900 | P93: 2100
A94: Suresh Poultry Farm - Hallegere | B94: 10495 | D94: =VLOOKUP(A94,$H$2:$I$105,2,0) -> 10495 | E94: =+B94-D94 -> 0 | G94: Direct - Inactive | H94: Suma Poultry Farm | I94: =SUM(J94:R94) -> 12375 | Q94: 12375
A95: Thammanna Poultry Feeds | B95: 349514 | D95: =VLOOKUP(A95,$H$2:$I$105,2,0) -> 349514 | E95: =+B95-D95 -> 0 | G95: Direct - Inactive | H95: Sumedha Broiler Farms | I95: =SUM(J95:R95) -> 6510 | R95: 6510
A96: Tilk Poultry Farm | B96: 2060 | D96: =VLOOKUP(A96,$H$2:$I$105,2,0) -> 2060 | E96: =+B96-D96 -> 0 | G96: Direct - Inactive | H96: Sumuka Enterprises | I96: =SUM(J96:R96) -> 1366469 | R96: 1366469
A97: Udaya Poultry Farm | B97: 7705 | D97: =VLOOKUP(A97,$H$2:$I$105,2,0) -> 7705 | E97: =+B97-D97 -> 0 | G97: Direct - Inactive | H97: Suraja Poultry Farm | I97: =SUM(J97:R97) -> 30300 | R97: 30300
A98: Varadaraj Poultry Farm | B98: 2025 | D98: =VLOOKUP(A98,$H$2:$I$105,2,0) -> 2025 | E98: =+B98-D98 -> 0 | G98: Direct - Inactive | H98: Suresh Poultry Farm - Hallegere | I98: =SUM(J98:R98) -> 10495 | P98: 2580 | Q98: 7915
A99: Vasavi Poultry Farm | B99: 2320224 | D99: =VLOOKUP(A99,$H$2:$I$105,2,0) -> 2320224 | E99: =+B99-D99 -> 0 | G99: Direct - Inactive | H99: Thammanna Poultry Feeds | I99: =SUM(J99:R99) -> 349514 | Q99: 349514
A100: Venkateshwara Poultry Farm, Koppa | B100: 140880 | D100: =VLOOKUP(A100,$H$2:$I$105,2,0) -> 140880 | E100: =+B100-D100 -> 0 | G100: Direct - Inactive | H100: Vasavi Poultry Farm | I100: =SUM(J100:R100) -> 2320224 | R100: 2320224
...

Sheet TN
A1: Hosur | B1: Debit | G1: ASM | H1: Hosur | I1: Pending Bills | J1: (< 15 days ) | K1: 15 to 30 days | L1: 30 to 45 days | M1: 45 to 60 days | N1: 60 to 90 days | O1: 90 to 180 days | P1: 180 to 365 days | Q1: 365 to 730 days | R1: (> 730 days )
A2: Buruju Gangamma Poultry Farm | B2: 503397 | D2: =VLOOKUP(A2,$H$2:$I$3,2,0) -> 503397 | E2: =+B2-D2 -> 0 | G2: Lavanya | H2: Buruju Gangamma Poultry Farm | I2: =SUM(J2:R2) -> 503397 | J2: 503397
A3: Jaya Kumar Poultry Farm | B3: 1086175 | D3: =VLOOKUP(A3,$H$2:$I$3,2,0) -> 1086175 | E3: =+B3-D3 -> 0 | G3: Ranjith | H3: Jaya Kumar Poultry Farm | I3: =SUM(J3:R3) -> 1086175 | J3: 1086175
A4: Grand Total | B4: =SUM(B2:B3) -> 1589572 | D4: =SUM(D2:D3) -> 1589572 | E4: =SUM(E2:E3) -> 0 | I4: =SUM(I2:I3) -> 1589572 | J4: =SUM(J2:J3) -> 1589572 | K4: =SUM(K2:K3) -> 0 | L4: =SUM(L2:L3) -> 0 | M4: =SUM(M2:M3) -> 0 | N4: =SUM(N2:N3) -> 0 | O4: =SUM(O2:O3) -> 0 | P4: =SUM(P2:P3) -> 0 | ... R4: =SUM(R2:R3) -> 0
A7: Polachi | B7: Debit | G7: ASM | H7: Polachi | I7: Pending Bills | J7: (< 15 days ) | K7: 15 to 30 days | L7: 30 to 45 days | M7: 45 to 60 days | N7: 60 to 90 days | O7: 90 to 180 days | P7: 180 to 365 days | Q7: 365 to 730 days | R7: (> 730 days )
A8: Bismillah Feeds | B8: 2893087.4 | D8: =VLOOKUP(A8,$H$8:$I$17,2,0) -> 2893087.4 | E8: =+B8-D8 -> 0 | G8: Adarsh | H8: Haritha Agencies | I8: =SUM(J8:R8) -> 430700 | J8: 430700
A9: Haritha Agencies | B9: 430700 | D9: =VLOOKUP(A9,$H$8:$I$17,2,0) -> 430700 | E9: =+B9-D9 -> 0 | G9: Adarsh | H9: Royal Traders | I9: =SUM(J9:R9) -> 475 | M9: 475
A10: J K Agencies | B10: 9289726 | D10: =VLOOKUP(A10,$H$8:$I$17,2,0) -> 9289726 | E10: =+B10-D10 -> 0 | G10: Nebu John | H10: Bismillah Feeds | I10: =SUM(J10:R10) -> 2893087.4 | K10: 2893087.4
A11: Matha Agencies | B11: 5070634 | D11: =VLOOKUP(A11,$H$8:$I$17,2,0) -> 5070634 | E11: =+B11-D11 -> 0 | G11: Nebu John | H11: J K Agencies | I11: =SUM(J11:R11) -> 9289726 | J11: 9289726
A12: MPM Agencies | B12: 96900 | D12: =VLOOKUP(A12,$H$8:$I$17,2,0) -> 96900 | E12: =+B12-D12 -> 0 | G12: Nebu John | H12: Matha Agencies | I12: =SUM(J12:R12) -> 5070634 | J12: 1514350 | K12: 3556284
A13: Om Sai Ram | B13: 14565 | D13: =VLOOKUP(A13,$H$8:$I$17,2,0) -> 14565 | E13: =+B13-D13 -> 0 | G13: Nebu John | H13: MPM Agencies | I13: =SUM(J13:R13) -> 96900 | J13: 96900
A14: Quality Feeds | B14: 2430726 | D14: =VLOOKUP(A14,$H$8:$I$17,2,0) -> 2430726 | E14: =+B14-D14 -> 0 | G14: Nebu John | H14: Quality Feeds | I14: =SUM(J14:R14) -> 2430726 | J14: 2430726
A15: Rishan Exporters | B15: 3159329 | D15: =VLOOKUP(A15,$H$8:$I$17,2,0) -> 3159329 | E15: =+B15-D15 -> 0 | G15: Raja Kumar | H15: Rishan Exporters | I15: =SUM(J15:R15) -> 3159329 | J15: 3159329
A16: Royal Traders | B16: 475 | D16: =VLOOKUP(A16,$H$8:$I$17,2,0) -> 475 | E16: =+B16-D16 -> 0 | G16: Raja Kumar | H16: S I T Agencies | I16: =SUM(J16:R16) -> 2685011 | K16: 683100 | M16: 892375 | N16: 1109536
A17: S I T Agencies | B17: 2685011 | D17: =VLOOKUP(A17,$H$8:$I$17,2,0) -> 2685011 | E17: =+B17-D17 -> 0 | G17: Ranjith | H17: Om Sai Ram | I17: =SUM(J17:R17) -> 14565 | K17: 14565
A18: Grand Total | B18: =SUM(B8:B17) -> 26071153 | D18: =SUM(D8:D17) -> 26071153 | E18: =SUM(E8:E17) -> 0 | H18: Grand Total | I18: =SUM(I8:I17) -> 26071153 | J18: =SUM(J8:J17) -> 16921731 | K18: =SUM(K8:K17) -> 7147036.4 | L18: =SUM(L8:L17) -> 0 | M18: =SUM(M8:M17) -> 892850 | N18: =SUM(N8:N17) -> 1109536 | O18: =SUM(O8:O17) -> 0 | P18: =SUM(P8:P17) -> 0 | ... R18: =SUM(R8:R17) -> 0
A21: Suguna | B21: Debit | G21: ASM | H21: Suguna | I21: Pending Bills | J21: (< 15 days ) | K21: 15 to 30 days | L21: 30 to 45 days | M21: 45 to 60 days | N21: 60 to 90 days | O21: 90 to 180 days | P21: 180 to 365 days | Q21: 365 to 730 days | R21: (> 730 days )
A22: Bismillah Feeds | B22: 3013130 | D22: =VLOOKUP(A22,$H$22:$I$27,2,0) -> 3013130 | E22: =+B22-D22 -> 0 | G22: Nebu John | H22: Bismillah Feeds | I22: =SUM(J22:R22) -> 3013130 | J22: 572360 | K22: 2440770
A23: Jaya Kumar Poultry Farm | B23: 2738425 | D23: =VLOOKUP(A23,$H$22:$I$27,2,0) -> 2738425 | E23: =+B23-D23 -> 0 | G23: Nebu John | H23: J K Agencies | I23: =SUM(J23:R23) -> 1311295 | K23: =1327500-16205 -> 1311295
A24: J K Agencies | B24: 1311295 | D24: =VLOOKUP(A24,$H$22:$I$27,2,0) -> 1311295 | E24: =+B24-D24 -> 0 | G24: Nebu John | H24: M S Feeds | I24: =SUM(J24:R24) -> 3252785 | J24: 3252785
A25: M S Feeds | B25: 3252785 | D25: =VLOOKUP(A25,$H$22:$I$27,2,0) -> 3252785 | E25: =+B25-D25 -> 0 | G25: Nebu John | H25: Quality Feeds | I25: =SUM(J25:R25) -> 234300 | J25: 234300
A26: Quality Feeds | B26: 234300 | D26: =VLOOKUP(A26,$H$22:$I$27,2,0) -> 234300 | E26: =+B26-D26 -> 0 | G26: Raja Kumar | H26: Rishan Exporters | I26: =SUM(J26:R26) -> 3484675 | J26: 3484675
A27: Rishan Exporters | B27: 3484675 | D27: =VLOOKUP(A27,$H$22:$I$27,2,0) -> 3484675 | E27: =+B27-D27 -> 0 | G27: Ranjith | H27: Jaya Kumar Poultry Farm | I27: =SUM(J27:R27) -> 2738425 | J27: 2738425
A28: Grand Total | B28: =SUM(B22:B27) -> 14034610 | D28: =SUM(D22:D27) -> 14034610 | E28: =SUM(E22:E27) -> 0 | H28: Grand Total | I28: =SUM(I22:I27) -> 14034610 | J28: =SUM(J22:J27) -> 10282545 | K28: =SUM(K22:K27) -> 3752065 | S28: =+D28-I28 -> 0
A30: Erode | B30: Debit | G30: ASM | H30: Erode | I30: Pending Bills | J30: (< 15 days ) | K30: 15 to 30 days | L30: 30 to 45 days | M30: 45 to 60 days | N30: 60 to 90 days | O30: 90 to 180 days | P30: 180 to 365 days | Q30: 365 to 730 days | R30: (> 730 days )
A31: Kurikkal Chicken Wandoor | B31: 1874174 | D31: =+VLOOKUP(A31,$H$31:$I$34,2,0) -> 1874174 | E31: =+B31-D31 -> 0 | G31: Adarsh | H31: Ras Traders | I31: 190900 | M31: 190900
A32: Ras Traders | B32: 190900 | D32: =+VLOOKUP(A32,$H$31:$I$34,2,0) -> 190900 | E32: =+B32-D32 -> 0 | G32: Direct - Inactive | H32: Kurikkal Chicken Wandoor | I32: 1874174 | R32: 1874174
A33: Shakra Feeds & Hatcheries | B33: 985733 | D33: =+VLOOKUP(A33,$H$31:$I$34,2,0) -> 985733 | E33: =+B33-D33 -> 0 | G33: Raghavendra | H33: Shakra Feeds & Hatcheries | I33: 985733 | Q33: 985733
A34: S I T Agencies | B34: 832050 | D34: =+VLOOKUP(A34,$H$31:$I$34,2,0) -> 832050 | E34: =+B34-D34 -> 0 | G34: Raja Kumar | H34: S I T Agencies | I34: 832050 | M34: 668100 | O34: 163950
A35: Grand Total | B35: =SUM(B31:B34) -> 3882857 | D35: =SUM(D31:D34) -> 3882857 | E35: =SUM(E31:E34) -> 0 | H35: Grand Total | I35: 3882857 | M35: 859000 | O35: 163950 | Q35: 985733 | R35: 1874174
I37: =I35+I28+I18+I4 -> 45578192

Sheet TS
A1: Jamuna | B1: Debit | G1: ASM | H1: Jamuna | I1: Pending Bills | J1: (< 15 days ) | K1: 15 to 30 days | L1: 30 to 45 days | M1: 45 to 60 days | N1: 60 to 90 days | O1: 90 to 180 days | P1: 180 to 365 days | Q1: 365 to 730 days | R1: (> 730 days )
A2: Kishan poultry society | B2: 340 | D2: =VLOOKUP(A2,$H$2:$I$15,2,0) -> 340 | E2: =+B2-D2 -> 0 | G2: Ashok | H2: Lotus Enterprises | I2: =SUM(J2:R2) -> 5607262.2 | J2: 4005000 | K2: 1235900 | L2: 366362.15
A3: Lotus Enterprises | B3: 5607262.2 | D3: =VLOOKUP(A3,$H$2:$I$15,2,0) -> 5607262.2 | E3: =+B3-D3 -> 0 | G3: Ashok | H3: Shree Agencies | I3: =SUM(J3:R3) -> 5742269.8 | J3: 5742269.8
A4: Mallikharjuna Rao Poultry Farm | B4: 700 | D4: =VLOOKUP(A4,$H$2:$I$15,2,0) -> 700 | E4: =+B4-D4 -> 0 | G4: Ashok | H4: Snehith Reddy Poultry And Feeds | I4: =SUM(J4:R4) -> 812230.48 | J4: 812230.48
A5: M/s Excel Poultry | B5: 60000 | D5: =VLOOKUP(A5,$H$2:$I$15,2,0) -> 60000 | E5: =+B5-D5 -> 0 | G5: Bandaru Balaji | H5: Sri Parameshwari Broiler Poultry Farm & Feeds | I5: =SUM(J5:R5) -> 417103 | J5: 417103
A6: Narender Reddy poultry farms | B6: 5200 | D6: =VLOOKUP(A6,$H$2:$I$15,2,0) -> 5200 | E6: =+B6-D6 -> 0 | G6: G Chandra Sekhar | H6: Obulesh poultry Farm | I6: =SUM(J6:R6) -> 65500 | K6: 65500
A7: Obulesh poultry Farm | B7: 65500 | D7: =VLOOKUP(A7,$H$2:$I$15,2,0) -> 65500 | E7: =+B7-D7 -> 0 | G7: G Chandra Sekhar | H7: Sri Laxmi Narasimha Poultry Farms | I7: =SUM(J7:R7) -> 500 | K7: 500
A8: Shree Agencies | B8: 5742269.8 | D8: =VLOOKUP(A8,$H$2:$I$15,2,0) -> 5742269.8 | E8: =+B8-D8 -> 0 | G8: G Chandra Sekhar | H8: T Nadipi Gurrappa | I8: =SUM(J8:R8) -> 100309 | J8: 100309
A9: Snehith Reddy Poultry And Feeds | B9: 812230.48 | D9: =VLOOKUP(A9,$H$2:$I$15,2,0) -> 812230.48 | E9: =+B9-D9 -> 0 | G9: Karre Narasimha | H9: Kishan poultry society | I9: =SUM(J9:R9) -> 340 | J9: 340
A10: Sri Devi Poutry Farm, Narasaraopete | B10: 1582237.2 | D10: =VLOOKUP(A10,$H$2:$I$15,2,0) -> 1582237.2 | E10: =+B10-D10 -> 0 | G10: Karre Narasimha | H10: Mallikharjuna Rao Poultry Farm | I10: =SUM(J10:R10) -> 700 | O10: 700
A11: Sri Laxmi Narasimha Poultry Farms | B11: 500 | D11: =VLOOKUP(A11,$H$2:$I$15,2,0) -> 500 | E11: =+B11-D11 -> 0 | G11: Karre Narasimha | H11: Narender Reddy poultry farms | I11: =SUM(J11:R11) -> 5200 | K11: 5200
A12: Sri Parameshwari Broiler Poultry Farm & Feeds | B12: 417103 | D12: =VLOOKUP(A12,$H$2:$I$15,2,0) -> 417103 | E12: =+B12-D12 -> 0 | G12: N. Srinivas | H12: M/s Excel Poultry | I12: =SUM(J12:R12) -> 60000 | K12: 60000
A13: Sri sreshta Poultries and feed | B13: 709.98 | D13: =VLOOKUP(A13,$H$2:$I$15,2,0) -> 709.98 | E13: =+B13-D13 -> 0 | G13: N. Srinivas | H13: Sri sreshta Poultries and feed | I13: =SUM(J13:R13) -> 709.98 | O13: 709.98
A14: T Nadipi Gurrappa | B14: 100309 | D14: =VLOOKUP(A14,$H$2:$I$15,2,0) -> 100309 | E14: =+B14-D14 -> 0 | G14: N. Srinivas | H14: Vignan Organics | I14: =SUM(J14:R14) -> 24976.91 | J14: 24976.91
A15: Vignan Organics | B15: 24976.91 | D15: =VLOOKUP(A15,$H$2:$I$15,2,0) -> 24976.91 | E15: =+B15-D15 -> 0 | G15: Seetharam | H15: Sri Devi Poutry Farm, Narasaraopete | I15: =SUM(J15:R15) -> 1582237.2 | J15: 1582237.2
A16: Grand Total | B16: =SUM(B2:B15) -> 14419338 | D16: =SUM(D2:D15) -> 14419338 | E16: =SUM(E2:E15) -> 0 | H16: Grand Total | I16: =SUM(I2:I15) -> 14419338 | J16: =SUM(J2:J15) -> 12684466 | K16: =SUM(K2:K15) -> 1367100 | L16: =SUM(L2:L15) -> 366362.15 | M16: =SUM(M2:M15) -> 0 | N16: =SUM(N2:N15) -> 0 | O16: =SUM(O2:O15) -> 1409.98 | P16: =SUM(P2:P15) -> 0 | ... R16: =SUM(R2:R15) -> 0 | S16: =SUM(J16:R16) -> 14419339 | T16: =+I16-S16 -> 0
B17: 13747381 | C17: =+B16-B17 -> 671957.6 | D17: =+B16-D16 -> 0
A19: Noveltech | B19: Debit | G19: ASM | H19: Noveltech | I19: Pending Bills | J19: (< 15 days ) | K19: 15 to 30 days | L19: 30 to 45 days | M19: 45 to 60 days | N19: 60 to 90 days | O19: 90 to 180 days | P19: 180 to 365 days | Q19: 365 to 730 days
A20: K P R fresh products | B20: 72657.64 | D20: =VLOOKUP(A20,$H$20:$I$22,2,0) -> 72657.64 | E20: =+B20-D20 -> 0 | G20: Karre Narasimha | H20: K P R fresh products | I20: =SUM(J20:R20) -> 72657.64 | Q20: 72657.64
A21: Laxmi Sai Breeding Farms Pvt Ltd | B21: 725 | D21: =VLOOKUP(A21,$H$20:$I$22,2,0) -> 725 | E21: =+B21-D21 -> 0 | G21: Karre Narasimha | H21: Laxmi Sai Breeding Farms Pvt Ltd | I21: =SUM(J21:R21) -> 725 | P21: 725
A22: Masthan Poultry Farms | B22: 198547.2 | D22: =VLOOKUP(A22,$H$20:$I$22,2,0) -> 198547.2 | E22: =+B22-D22 -> 0 | G22: N. Srinivas | H22: Masthan Poultry Farms | I22: =SUM(J22:R22) -> 198547.2 | P22: 198547.2
A23: Grand Total | B23: =SUM(B20:B22) -> 271929.84 | D23: =SUM(D20:D22) -> 271929.84 | E23: =SUM(E20:E22) -> 0 | H23: Grand Total | I23: =SUM(I20:I22) -> 271929.84 | J23: =SUM(J20:J22) -> 0 | K23: =SUM(K20:K22) -> 0 | L23: =SUM(L20:L22) -> 0 | M23: =SUM(M20:M22) -> 0 | N23: =SUM(N20:N22) -> 0 | O23: =SUM(O20:O22) -> 0 | P23: =SUM(P20:P22) -> 199272.2 | ... R23: =SUM(R20:R22) -> 0

Sheet VJD
A1: VJD | B1: Debit | G1: ASM | H1: VJD | I1: Pending Bills | J1: (< 15 days ) | K1: 15 to 30 days | L1: 30 to 45 days | M1: 45 to 60 days | N1: 60 to 90 days | O1: 90 to 180 days | P1: 180 to 365 days | Q1: 365 to 730 days | R1: (> 730 days )
A2: A1 Fresh Chicken & Poultry Centre _x000D_ | B2: 299887.15 | D2: =VLOOKUP(A2,$H$2:$I$43,2,0) -> 299887.15 | E2: =B2-D2 -> 0 | G2: Bandaru Balaji | H2: Dhanalakshmi poultry farm | I2: =SUM(J2:R2) -> 319.65 | J2: 319.65
A3: Aarna Traders | B3: 82308.51 | D3: =VLOOKUP(A3,$H$2:$I$43,2,0) -> 82308.51 | E3: =B3-D3 -> 0 | G3: Bandaru Balaji | H3: Sri Parameshwari Broiler Poultry Farm & Feeds | I3: =SUM(J3:R3) -> 496246.81 | J3: 496246.81
A4: Abhayanjaneya Poultry Trader's | B4: 2991683 | D4: =VLOOKUP(A4,$H$2:$I$43,2,0) -> 2991683 | E4: =B4-D4 -> 0 | G4: Direct - Inactive | H4: Abhinay Reddy Poultry Farm | I4: =SUM(J4:R4) -> 170371 | R4: 170371
A5: Abhinay Reddy Poultry Farm | B5: 170371 | D5: =VLOOKUP(A5,$H$2:$I$43,2,0) -> 170371 | E5: =B5-D5 -> 0 | G5: Direct - Inactive | H5: Ambarish Poultry Farm | I5: =SUM(J5:R5) -> 149739 | R5: 149739
A6: Ambarish Poultry Farm | B6: 149739 | D6: =VLOOKUP(A6,$H$2:$I$43,2,0) -> 149739 | E6: =B6-D6 -> 0 | G6: Direct - Inactive | H6: Anjali Enterprises | I6: =SUM(J6:R6) -> 305642.81 | R6: 305642.81
A7: Anjali Enterprises | B7: 305642.81 | D7: =VLOOKUP(A7,$H$2:$I$43,2,0) -> 305642.81 | E7: =B7-D7 -> 0 | G7: Direct - Inactive | H7: Green Valley Nutrition_x000D_ | I7: =SUM(J7:R7) -> 261320 | R7: 261320
A8: Devi Prasuna Poultry Farm | B8: 347424.28 | D8: =VLOOKUP(A8,$H$2:$I$43,2,0) -> 347424.28 | E8: =B8-D8 -> 0 | G8: Direct - Inactive | H8: K Satya Padma Latha | I8: =SUM(J8:R8) -> 117261 | R8: 117261
A9: Dhanalakshmi poultry farm | B9: 319.65 | D9: =VLOOKUP(A9,$H$2:$I$43,2,0) -> 319.65 | E9: =B9-D9 -> 0 | G9: Direct - Inactive | H9: Lakshmi Narasimhaswamy Poultry Farm | I9: =SUM(J9:R9) -> 40369 | R9: 40369
A10: Green Valley Nutrition_x000D_ | B10: 261320 | D10: =VLOOKUP(A10,$H$2:$I$43,2,0) -> 261320 | E10: =B10-D10 -> 0 | G10: Direct - Inactive | H10: Siva Sai Enterprises_x000D_ | I10: =SUM(J10:R10) -> 106034.36 | R10: 106034.36
A11: Honey Poultry Feeds_x000D_ | B11: 877923 | D11: =VLOOKUP(A11,$H$2:$I$43,2,0) -> 877923 | E11: =B11-D11 -> 0 | G11: G Chandra Sekhar | H11: Srinivasulareddy palakolanu | I11: =SUM(J11:R11) -> 10000 | J11: 10000
A12: K.R.Traders _x000D_ | B12: 157024.79 | D12: =VLOOKUP(A12,$H$2:$I$43,2,0) -> 157024.79 | E12: =B12-D12 -> 0 | G12: G Chandra Sekhar | H12: Umamaheshwara Poultry Farm | I12: =SUM(J12:R12) -> 15925 | K12: 15925
A13: K Satya Padma Latha | B13: 117261 | D13: =VLOOKUP(A13,$H$2:$I$43,2,0) -> 117261 | E13: =B13-D13 -> 0 | G13: Gouse | H13: Aarna Traders | I13: =SUM(J13:R13) -> 82308.51 | Q13: 82308.51
A14: K V R Poultry Farm | B14: 202127 | D14: =VLOOKUP(A14,$H$2:$I$43,2,0) -> 202127 | E14: =B14-D14 -> 0 | G14: Gouse | H14: Devi Prasuna Poultry Farm | I14: =SUM(J14:R14) -> 347424.28 | R14: 347424.28
A15: Lakshmi Narasimhaswamy Poultry Farm | B15: 40369 | D15: =VLOOKUP(A15,$H$2:$I$43,2,0) -> 40369 | E15: =B15-D15 -> 0 | G15: Gouse | H15: K V R Poultry Farm | I15: =SUM(J15:R15) -> 202127 | R15: 202127
A16: Lakshmi Poultry, Vadluru | B16: 35337.16 | D16: =VLOOKUP(A16,$H$2:$I$43,2,0) -> 35337.16 | E16: =B16-D16 -> 0 | G16: Gouse | H16: Lakshmi Poultry, Vadluru | I16: =SUM(J16:R16) -> 35337.16 | J16: 35337.16
A17: M Janaki Surya Narayana Raju | B17: 1277286.7 | D17: =VLOOKUP(A17,$H$2:$I$43,2,0) -> 1277286.7 | E17: =B17-D17 -> 0 | G17: Gouse | H17: M Janaki Surya Narayana Raju | I17: =SUM(J17:R17) -> 1277286.7 | J17: 863277.11 | N17: 363087.7 | P17: 50921.93
A18: MNVSN Raju Poultry Farm | B18: 775240.52 | D18: =VLOOKUP(A18,$H$2:$I$43,2,0) -> 775240.52 | E18: =B18-D18 -> 0 | G18: Gouse | H18: MNVSN Raju Poultry Farm | I18: =SUM(J18:R18) -> 775240.52 | K18: 775240.52
A19: M Sathyavathi | B19: 480720.83 | D19: =VLOOKUP(A19,$H$2:$I$43,2,0) -> 480720.83 | E19: =B19-D19 -> 0 | G19: Gouse | H19: M Sathyavathi | I19: =SUM(J19:R19) -> 480720.83 | L19: 480720.83
A20: Nalini Poultry Farm_x000D_ | B20: 234437 | D20: =VLOOKUP(A20,$H$2:$I$43,2,0) -> 234437 | E20: =B20-D20 -> 0 | G20: Gouse | H20: Poorna Chandra Poultry Farm | I20: =SUM(J20:R20) -> 613527.79 | M20: 155541.9 | O20: 457985.89
A21: NNR Associates _x000D_ | B21: 891238.03 | D21: =VLOOKUP(A21,$H$2:$I$43,2,0) -> 891238.03 | E21: =B21-D21 -> 0 | G21: Gouse | H21: RKR Poultry Farm | I21: =SUM(J21:R21) -> 343860 | R21: 343860
A22: Poorna Chandra Poultry Farm | B22: 613527.79 | D22: =VLOOKUP(A22,$H$2:$I$43,2,0) -> 613527.79 | E22: =B22-D22 -> 0 | G22: Gouse | H22: S D Reshma poultry farm | I22: =SUM(J22:R22) -> 5845.23 | Q22: 5845.23
A23: RKR Poultry Farm | B23: 343860 | D23: =VLOOKUP(A23,$H$2:$I$43,2,0) -> 343860 | E23: =B23-D23 -> 0 | G23: Gouse | H23: Simhadri Srinivasa Rao _x000D_ | I23: =SUM(J23:R23) -> 650299 | R23: 650299
A24: Sai Poultries | B24: 1881315 | D24: =VLOOKUP(A24,$H$2:$I$43,2,0) -> 1881315 | E24: =B24-D24 -> 0 | G24: Gouse | H24: Siva Rama Poultry Farm | I24: =SUM(J24:R24) -> 199836 | R24: 199836
A25: S D Reshma poultry farm | B25: 5845.23 | D25: =VLOOKUP(A25,$H$2:$I$43,2,0) -> 5845.23 | E25: =B25-D25 -> 0 | G25: Gouse | H25: Sri Lakshmi Panduranga Poultry Farm | I25: =SUM(J25:R25) -> 820928.73 | J25: 544839.36 | L25: 276089.37
A26: Simhadri Srinivasa Rao _x000D_ | B26: 650299 | D26: =VLOOKUP(A26,$H$2:$I$43,2,0) -> 650299 | E26: =B26-D26 -> 0 | G26: Gouse | H26: Sri Lakshmi Srinivasa Poultries | I26: =SUM(J26:R26) -> 21945.42 | P26: 21945.42
A27: Siva Poultries | B27: 1842785 | D27: =VLOOKUP(A27,$H$2:$I$43,2,0) -> 1842785 | E27: =B27-D27 -> 0 | G27: Gouse | H27: S V J Poultry Farm | I27: =SUM(J27:R27) -> 313324.14 | Q27: 313324.14
A28: Siva Rama Poultry Farm | B28: 199836 | D28: =VLOOKUP(A28,$H$2:$I$43,2,0) -> 199836 | E28: =B28-D28 -> 0 | G28: Gouse | H28: V Krishnam Raju Poultries | I28: =SUM(J28:R28) -> 211742.63 | L28: 182479.2 | P28: 29263.43
A29: Siva Sai Enterprises_x000D_ | B29: 106034.36 | D29: =VLOOKUP(A29,$H$2:$I$43,2,0) -> 106034.36 | E29: =B29-D29 -> 0 | G29: Gouse | H29: VVS Muralidhara Poultry Farm | I29: =SUM(J29:R29) -> 25048 | R29: 25048
A30: Sri Devi Poutry Farm, Narasaraopete | B30: 1403517.6 | D30: =VLOOKUP(A30,$H$2:$I$43,2,0) -> 1403517.6 | E30: =B30-D30 -> 0 | G30: Ravibabu | H30: A1 Fresh Chicken & Poultry Centre _x000D_ | I30: =SUM(J30:R30) -> 299887.15 | R30: 299887.15
A31: Sri Lakshmi Panduranga Poultry Farm | B31: 820928.73 | D31: =VLOOKUP(A31,$H$2:$I$43,2,0) -> 820928.73 | E31: =B31-D31 -> 0 | G31: Ravibabu | H31: Honey Poultry Feeds_x000D_ | I31: =SUM(J31:R31) -> 877923 | R31: 877923
A32: Sri Lakshmi Srinivasa Poultries | B32: 21945.42 | D32: =VLOOKUP(A32,$H$2:$I$43,2,0) -> 21945.42 | E32: =B32-D32 -> 0 | G32: Ravibabu | H32: K.R.Traders _x000D_ | I32: =SUM(J32:R32) -> 157024.79 | R32: 157024.79
A33: Srinivasa Poultry Farm, Chandrala | B33: 458504 | D33: =VLOOKUP(A33,$H$2:$I$43,2,0) -> 458504 | E33: =B33-D33 -> 0 | G33: Ravibabu | H33: Nalini Poultry Farm_x000D_ | I33: =SUM(J33:R33) -> 234437 | R33: 234437
A34: Srinivasulareddy palakolanu | B34: 10000 | D34: =VLOOKUP(A34,$H$2:$I$43,2,0) -> 10000 | E34: =B34-D34 -> 0 | G34: Ravibabu | H34: NNR Associates _x000D_ | I34: =SUM(J34:R34) -> 891238.03 | R34: 891238.03
A35: Sri Parameshwari Broiler Poultry Farm & Feeds | B35: 496246.81 | D35: =VLOOKUP(A35,$H$2:$I$43,2,0) -> 496246.81 | E35: =B35-D35 -> 0 | G35: Ravibabu | H35: Srinivasa Poultry Farm, Chandrala | I35: =SUM(J35:R35) -> 458504 | R35: 458504
A36: Sri Sai Ram Poultry Feeds_x000D_ | B36: 647718 | D36: =VLOOKUP(A36,$H$2:$I$43,2,0) -> 647718 | E36: =B36-D36 -> 0 | G36: Ravibabu | H36: Sri Sai Ram Poultry Feeds_x000D_ | I36: =SUM(J36:R36) -> 647718 | R36: 647718
A37: S V J Poultry Farm | B37: 313324.14 | D37: =VLOOKUP(A37,$H$2:$I$43,2,0) -> 313324.14 | E37: =B37-D37 -> 0 | G37: Ravibabu | H37: T.Vasu Poultry Farm_x000D_ | I37: =SUM(J37:R37) -> 34317 | R37: 34317
A38: T.Vasu Poultry Farm_x000D_ | B38: 34317 | D38: =VLOOKUP(A38,$H$2:$I$43,2,0) -> 34317 | E38: =B38-D38 -> 0 | G38: Ravibabu | H38: Y Ranjth Kumar Poultry Farm | I38: =SUM(J38:R38) -> 12860.52 | Q38: 12860.52
A39: Umamaheshwara Poultry Farm | B39: 15925 | D39: =VLOOKUP(A39,$H$2:$I$43,2,0) -> 15925 | E39: =B39-D39 -> 0 | G39: Seetharam | H39: Abhayanjaneya Poultry Trader's | I39: =SUM(J39:R39) -> 2991683 | J39: 2991683
A40: Venkateswara Rao Poultry Farm | B40: 1468223 | D40: =VLOOKUP(A40,$H$2:$I$43,2,0) -> 1468223 | E40: =B40-D40 -> 0 | G40: Seetharam | H40: Sai Poultries | I40: =SUM(J40:R40) -> 1881315 | J40: 436000 | M40: 764500 | N40: 480150 | P40: 200665
A41: V Krishnam Raju Poultries | B41: 211742.63 | D41: =VLOOKUP(A41,$H$2:$I$43,2,0) -> 211742.63 | E41: =B41-D41 -> 0 | G41: Seetharam | H41: Siva Poultries | I41: =SUM(J41:R41) -> 1842785 | P41: 1842785
A42: VVS Muralidhara Poultry Farm | B42: 25048 | D42: =VLOOKUP(A42,$H$2:$I$43,2,0) -> 25048 | E42: =B42-D42 -> 0 | G42: Seetharam | H42: Sri Devi Poutry Farm, Narasaraopete | I42: =SUM(J42:R42) -> 1403517.6 | J42: 537279.4 | K42: 866238.15
A43: Y Ranjth Kumar Poultry Farm | B43: 12860.52 | D43: =VLOOKUP(A43,$H$2:$I$43,2,0) -> 12860.52 | E43: =B43-D43 -> 0 | G43: Seetharam | H43: Venkateswara Rao Poultry Farm | I43: =SUM(J43:R43) -> 1468223 | Q43: 1468223
A44: Grand Total | B44: =SUM(B2:B43) -> 21281464 | D44: =SUM(D2:D43) -> 21281464 | E44: =SUM(E2:E43) -> 0 | H44: Grand Total | I44: 21281464 | J44: 5914982.5 | K44: 1657403.7 | L44: 939289.4 | M44: 920041.9 | N44: 843237.7 | O44: 457985.89 | P44: 2145580.8 | Q44: 1882561.4 | R44: 6520380.4 | S44: =SUM(J44:R44) -> 21281464 | T44: =+I44-S44 -> 0
I45: =+B44-I44 -> 0

Sheet Summary
A1: Sundry Debtors as of 31st July 2026
A2: ASM Name | B2: Sum of Pending Bills | C2: Sum of (< 15 days ) | D2: Sum of 15 to 30 days | E2: Sum of 30 to 45 days | F2: Sum of 45 to 60 days | G2: Sum of 60 to 90 days | H2: Sum of 90 to 180 days | I2: Sum of 180 to 365 days | J2: Sum of 365 to 730 days | K2: Sum of (> 730 days )
A3: Adarsh | B3: 622075 | C3: 430700 | D3: 0 | E3: 0 | F3: 191375 | G3: 0 | H3: 0 | I3: 0 | J3: 0 | K3: 0
A4: Ashok | B4: 12026762 | C4: 10559500 | D4: 1235900 | E4: 231362.15 | F4: 0 | G4: 0 | H4: 0 | I4: 0 | J4: 0 | K4: 0
A5: Bandaru Balaji | B5: 913669.46 | C5: 913669.46 | D5: 0 | E5: 0 | F5: 0 | G5: 0 | H5: 0 | I5: 0 | J5: 0 | K5: 0
A6: Dayananda | B6: 64450 | C6: 0 | D6: 0 | E6: 0 | F6: 0 | G6: 64450 | H6: 0 | I6: 0 | J6: 0 | K6: 0
A7: Direct - Active | B7: 16257522 | C7: 1616573 | D7: 2811956 | E7: 2308600 | F7: 1472565 | G7: 3198507 | H7: 3433392.8 | I7: 1379373.5 | J7: 2600 | K7: 33955
A8: Direct - Inactive | B8: 48756389 | C8: 0 | D8: 0 | E8: 0 | F8: 0 | G8: 0 | H8: 297680 | I8: 1078159 | J8: 1621800.2 | K8: 45758750
A9: DR | B9: 95 | C9: 95 | D9: 0 | E9: 0 | F9: 0 | G9: 0 | H9: 0 | I9: 0 | J9: 0 | K9: 0
A10: G Chandra Sekhar | B10: 255041 | C10: 144916 | D10: 81925 | E10: 0 | F10: 0 | G10: 0 | H10: 28200 | I10: 0 | J10: 0 | K10: 0
A11: Gouse | B11: 6406802 | C11: 1443453.6 | D11: 775240.52 | E11: 939289.4 | F11: 155541.9 | G11: 363087.7 | H11: 457985.89 | I11: 102130.78 | J11: 401477.88 | K11: 1768594.3
A12: Karre Narasimha | B12: 78897.64 | C12: 340 | D12: 5200 | E12: 0 | F12: 0 | G12: 0 | H12: 700 | I12: 0 | J12: 72657.64 | K12: 0
A13: Lavanya | B13: 1658447 | C13: 1658447 | D13: 0 | E13: 0 | F13: 0 | G13: 0 | H13: 0 | I13: 0 | J13: 0 | K13: 0
A14: Mahendra | B14: 5052371.2 | C14: 1659000 | D14: 5950 | E14: 80925 | F14: 0 | G14: 0 | H14: 468450 | I14: 1196972.2 | J14: 1125550 | K14: 515524
... A22: Seetharam | B22: 11169761 | C22: 5547199.6 | D22: 866238.15 | E22: 0 | F22: 764500 | G22: 480150 | H22: 0 | I22: 2043450 | J22: 1468223 | K22: 0
A23: (blank)
A24: Grand Total | B24: 1.5738144e+08 | C24: 51858577 | D24: 16741511 | E24: 3560176.5 | F24: 4144456.9 | G24: 5215730.7 | H24: 4851068.7 | I24: 5998632.8 | J24: 7934745.4 | K24: 57076538

Sheet Bal Conf
A1: Adarsh | B1: SD Ageing Report as of 31/07/2026 | D1: Bal Conf Status
A2: Particulars | B2: Pending Bills | D2: Received on | E2: Mode
A3: Haritha Agencies | B3: 430700
A4: Ras Traders | B4: 190900 | D4: 46256 | E4: Mail
A5: Total | B5: =SUBTOTAL(109,Table2[Pending Bills]) -> 622075
A7: Nebu John | B7: SD Ageing Report as of 31/07/2026
A8: Particulars | B8: Pending Bills
A9: Bismillah Feeds | B9: 3013130
A10: Bismillah Feeds | B10: 2893087.4 | D10: 46256 | E10: Whats App
A11: J K Agencies | B11: 1311295
A12: J K Agencies | B12: 9289726
A13: M S Feeds | B13: 3252785 | D13: 46256 | E13: Whats App
A14: Matha Agencies | B14: 5070634
A15: MPM Agencies | B15: 96900
A16: Quality Feeds | B16: 234300 | D16: 46256 | E16: Mail
A17: Quality Feeds | B17: 2430726 | D17: 46256 | E17: Mail
A18: Total | B18: =SUBTOTAL(109,B9:B17) -> 27592583
A20: Raja Kumar | B20: SD Ageing Report as of 31/07/2026
A21: Particulars | B21: Pending Bills
A22: Rishan Exporters | B22: 3484675 | D22: 46256 | E22: Mail
A23: Rishan Exporters | B23: 3159329 | D23: 46256 | E23: Mail
A24: S I T Agencies | B24: 832050 | D24: 46256 | E24: Mail
A25: S I T Agencies | B25: 2685011 | D25: 46256 | E25: Mail
A26: Total | B26: =SUBTOTAL(109,B22:B25) -> 10161065
A28: Grand Total | B28: =+B26+B18+Table2[[#Totals],[Pending Bills]] -> 38375723
A30: Ashok | B30: SD Ageing Report as of 31/07/2026
A31: Particulars | B31: Pending Bills
A32: Lotus Enterprises | B32: 5472262.2
A33: Shree Agencies | B33: 5742269.8
A34: Snehith Reddy Poultry And Feeds | B34: 812230.48
A35: Total | B35: =SUM(B32:B34) -> 12026762
A37: Bandaru Balaji | B37: SD Ageing Report as of 31/07/2026
A38: Particulars | B38: Pending Bills
A39: Dhanalakshmi poultry farm | B39: 319.65
A40: Sri Parameshwari Broiler Poultry Farm & Feeds | B40: 496246.81 | D40: 46247 | E40: Hard Copy
A41: Sri Parameshwari Broiler Poultry Farm & Feeds | B41: 417103 | D41: 46247 | E41: Hard Copy
A42: Total | B42: 913669.46
A44: Karre Narasimha | B44: SD Ageing Report as of 31/07/2026
A45: Particulars | B45: Pending Bills
A46: K P R fresh products | B46: 72657.64
A47: Kishan poultry society | B47: 340
A48: Mallikharjuna Rao Poultry Farm | B48: 700
A49: Narender Reddy poultry farms | B49: 5200
A50: Total | B50: 78897.64
A52: N. Srinivas | B52: SD Ageing Report as of 31/07/2026
A53: Particulars | B53: Pending Bills
A54: M/s Excel Poultry | B54: 60000
A55: Masthan Poultry Farms | B55: 198547.2
A56: Sri sreshta Poultries and feed | B56: 709.98
A57: Vignan Organics | B57: 24976.91
B58: 284234.09
A60: Seetharam | B60: SD Ageing Report as of 31/07/2026
A61: Particulars | B61: Pending Bills
A62: Abhayanjaneya Poultry Trader's | B62: 2991683 | D62: 46249 | E62: Hardcopy
A63: Sai Poultries | B63: 1881315 | D63: 46249 | E63: Hardcopy
A64: Siva Poultries | B64: 1842785
A65: Sri Devi Poutry Farm, Narasaraopete | B65: 1403517.6 | D65: 46249 | E65: Hardcopy
A66: Sri Devi Poutry Farm, Narasaraopete | B66: 1582237.2 | D66: 46249 | E66: Hardcopy
A67: Venkateswara Rao Poultry Farm | B67: 1468223
B68: 11169761
A70: G Chandra Sekhar | B70: SD Ageing Report as of 31/07/2026 | D70: Bal Conf Status
A71: Particulars | B71: Pending Bills | D71: Received on | E71: Mode
A72: Balaji Poultry Farm | B72: 4000
A73: M/s Sri Guru Poultry Farm | B73: 28200
A74: Obulesh poultry Farm | B74: 65500
A75: Sri Laxmi Narasimha Poultry Farms | B75: 500
A76: Srinivasulareddy palakolanu | B76: 10000
A77: T Nadipi Gurrappa | B77: 100309
A78: Umamaheshwara Poultry Farm | B78: 15925
A79: Yousuf Pf kaddirampur Hampi | B79: 30607
A80: Grand Total | B80: 255041
A82: Gouse | B82: SD Ageing Report as of 31/07/2026 | D82: Bal Conf Status
A83: Particulars | B83: Pending Bills | D83: Received on | E83: Mode
A84: Aarna Traders | B84: 82308.51
A85: Devi Prasuna Poultry Farm | B85: 347424.28
A86: K V R Poultry Farm | B86: 202127
A87: Lakshmi Poultry, Vadluru | B87: 35337.16
A88: M Janaki Surya Narayana Raju | B88: 1277286.7
A89: M Sathyavathi | B89: 480720.83
A90: MNVSN Raju Poultry Farm | B90: 775240.52
A91: Poorna Chandra Poultry Farm | B91: 613527.79
A92: RKR Poultry Farm | B92: 343860
A93: S D Reshma poultry farm | B93: 5845.23
A94: S V J Poultry Farm | B94: 313324.14
A95: Simhadri Srinivasa Rao _x000D_ | B95: 650299
... A101: Grand Total | B101: 6406802
A103: Lavanya | B103: SD Ageing Report as of 31/07/2026
A104: Particulars | B104: Pending Bills
A105: Buruju Gangamma Poultry Farm | B105: 503397
A106: Buruju Gangamma Poultry Farm | B106: 1155050
A107: Grand Total | B107: 1658447
A109: Ranjith | B109: SD Ageing Report as of 31/07/2026
A110: Particulars | B110: Pending Bills
A111: Jaya Kumar Poultry Farm | B111: 2738425
A112: Jaya Kumar Poultry Farm | B112: 1086175
A113: Om Sai Ram | B113: 14565
A114: Grand Total | B114: 3839165

Sheet Consolidated
A1: ASM | B1: Particulars | C1: Pending Bills | D1: (< 15 days ) | E1: 15 to 30 days | F1: 30 to 45 days | G1: 45 to 60 days | H1: 60 to 90 days | I1: 90 to 180 days | J1: 180 to 365 days | K1: 365 to 730 days | L1: (> 730 days ) | N1: Row Labels | O1: Sum of Pending Bills | Q1: Amount
A2: =KA!G2 -> Direct - Active | B2: =KA!H2 -> Chowdayya Poultry Farms Malavalli | C2: =KA!I2 -> 13625 | D2: =KA!J2 -> 0 | E2: =KA!K2 -> 0 | F2: =KA!L2 -> 0 | G2: =KA!M2 -> 0 | H2: =KA!N2 -> 13625 | ... L2: =KA!R2 -> 0 | N2: A1 Fresh Chicken & Poultry Centre _x000D_ | O2: 299887.15
A3: =KA!G3 -> Direct - Active | B3: =KA!H3 -> G.P.P.Poultry Farm | C3: =KA!I3 -> 4307350 | D3: =KA!J3 -> 912190 | E3: =KA!K3 -> 1141200 | F3: =KA!L3 -> 900410 | G3: =KA!M3 -> 686000 | H3: =KA!N3 -> 667550 | ... L3: =KA!R3 -> 0 | N3: Aarna Traders | O3: 82308.51
A4: =KA!G4 -> Direct - Active | B4: =KA!H4 -> Javare Gowda Dairy Farm | C4: =KA!I4 -> 8815 | D4: =KA!J4 -> 0 | E4: =KA!K4 -> 0 | F4: =KA!L4 -> 0 | G4: =KA!M4 -> 0 | H4: =KA!N4 -> 3320 | ... L4: =KA!R4 -> 0 | N4: Aavion Enterprises Drs | O4: 59400
A5: =KA!G5 -> Direct - Active | B5: =KA!H5 -> Jogi Gowda Poultry Farm | C5: =KA!I5 -> 86330 | D5: =KA!J5 -> 27230 | E5: =KA!K5 -> 59100 | F5: =KA!L5 -> 0 | G5: =KA!M5 -> 0 | H5: =KA!N5 -> 0 | ... L5: =KA!R5 -> 0 | N5: Abhayanjaneya Poultry Trader's | O5: 2991683
A6: =KA!G6 -> Direct - Active | B6: =KA!H6 -> K G Satya Poultry Farm | C6: =KA!I6 -> 367278 | D6: =KA!J6 -> 183088 | E6: =KA!K6 -> 95800 | F6: =KA!L6 -> 0 | G6: =KA!M6 -> 88390 | H6: =KA!N6 -> 0 | ... L6: =KA!R6 -> 0 | N6: Abhinay Reddy Poultry Farm | O6: 170371
A7: =KA!G7 -> Direct - Active | B7: =KA!H7 -> Krishna Poultry Farm | C7: =KA!I7 -> 2754944.5 | D7: =KA!J7 -> 0 | E7: =KA!K7 -> 225100 | F7: =KA!L7 -> 0 | G7: =KA!M7 -> 186650 | H7: =KA!N7 -> 174300 | ... L7: =KA!R7 -> 0 | N7: Abhishek Poultry Farm K Shetthali | O7: 30300
A8: =KA!G8 -> Direct - Active | B8: =KA!H8 -> Kumar Poultry Farm | C8: =KA!I8 -> 1025 | D8: =KA!J8 -> 0 | E8: =KA!K8 -> 0 | F8: =KA!L8 -> 0 | G8: =KA!M8 -> 0 | H8: =KA!N8 -> 0 | ... L8: =KA!R8 -> 0 | N8: Ajwa Poultry Feed | O8: 121200
A9: =KA!G9 -> Direct - Active | B9: =KA!H9 -> Muralidhar Poultry Farm | C9: =KA!I9 -> 55445 | D9: =KA!J9 -> 55445 | E9: =KA!K9 -> 0 | F9: =KA!L9 -> 0 | G9: =KA!M9 -> 0 | H9: =KA!N9 -> 0 | ... L9: =KA!R9 -> 0 | N9: Akash Enterprises | O9: 1635149.8
A10: =KA!G10 -> Direct - Active | B10: =KA!H10 -> Nandish Poultry Farm Mandya | C10: =KA!I10 -> 3950 | D10: =KA!J10 -> 0 | E10: =KA!K10 -> 0 | F10: =KA!L10 -> 0 | G10: =KA!M10 -> 3950 | H10: =KA!N10 -> 0 | ... L10: =KA!R10 -> 0 | N10: Akash Pig Farm | O10: 6570
A11: =KA!G11 -> Direct - Active | B11: =KA!H11 -> Poonacha PB | C11: =KA!I11 -> 31300 | D11: =KA!J11 -> 0 | E11: =KA!K11 -> 0 | F11: =KA!L11 -> 31300 | G11: =KA!M11 -> 0 | H11: =KA!N11 -> 0 | ... L11: =KA!R11 -> 0 | N11: Ambarish Poultry Farm | O11: 149739
A12: =KA!G12 -> Direct - Active | B12: =KA!H12 -> Prasanan Kumar Poultry Farm | C12: =KA!I12 -> 1280 | D12: =KA!J12 -> 0 | E12: =KA!K12 -> 0 | F12: =KA!L12 -> 0 | G12: =KA!M12 -> 0 | H12: =KA!N12 -> 0 | ... L12: =KA!R12 -> 0 | N12: Ambika Poultry Farm | O12: 236276.25
A13: =KA!G13 -> Direct - Active | B13: =KA!H13 -> Prasanna Pig Farm | C13: =KA!I13 -> 180 | D13: =KA!J13 -> 0 | E13: =KA!K13 -> 180 | F13: =KA!L13 -> 0 | G13: =KA!M13 -> 0 | H13: =KA!N13 -> 0 | ... L13: =KA!R13 -> 0 | N13: Amol Pig Farm | O13: 104690
... A33: =KA!G33 -> Direct - Inactive | B33: =KA!H33 -> Amol Pig Farm | C33: =KA!I33 -> 104690 | D33: =KA!J33 -> 0 | E33: =KA!K33 -> 0 | F33: =KA!L33 -> 0 | G33: =KA!M33 -> 0 | H33: =KA!N33 -> 0 | ... L33: =KA!R33 -> 28450 | N33: G.P.P.Poultry Farm | O33: 4307350
A34: =KA!G34 -> Direct - Inactive | B34: =KA!H34 -> Ananya Poultry Farm & Supplies | C34: =KA!I34 -> 54000 | D34: =KA!J34 -> 0 | E34: =KA!K34 -> 0 | F34: =KA!L34 -> 0 | G34: =KA!M34 -> 0 | H34: =KA!N34 -> 0 | ... L34: =KA!R34 -> 54000 | N34: GMI Poultry Foods | O34: 125036 | Q34: =VLOOKUP(N34,'SD with Cr bal'!$D$3:$E$99,2,0) -> 90000
A35: =KA!G35 -> Direct - Inactive | B35: =KA!H35 -> Ashok Poultry Farm_x000D_ | C35: =KA!I35 -> 599850 | D35: =KA!J35 -> 0 | E35: =KA!K35 -> 0 | F35: =KA!L35 -> 0 | G35: =KA!M35 -> 0 | H35: =KA!N35 -> 0 | ... L35: =KA!R35 -> 599850 | N35: Green Valley Nutrition_x000D_ | O35: 261320
A36: =KA!G36 -> Direct - Inactive | B36: =KA!H36 -> Associate Professor Dept.of ILFC Dairy | C36: =KA!I36 -> 8911 | D36: =KA!J36 -> 0 | E36: =KA!K36 -> 0 | F36: =KA!L36 -> 0 | G36: =KA!M36 -> 0 | H36: =KA!N36 -> 0 | ... L36: =KA!R36 -> 8911 | N36: Gurunatha Poultry Farm | O36: 900848
A37: =KA!G37 -> Direct - Inactive | B37: =KA!H37 -> Bandipura Breeders, Mysore | C37: =KA!I37 -> 933158 | D37: =KA!J37 -> 0 | E37: =KA!K37 -> 0 | F37: =KA!L37 -> 0 | G37: =KA!M37 -> 0 | H37: =KA!N37 -> 0 | ... L37: =KA!R37 -> 933158 | N37: Hanumanthappa Poultry Farm | O37: 180414
A38: =KA!G38 -> Direct - Inactive | B38: =KA!H38 -> BJS Poultry Farm | C38: =KA!I38 -> 306533 | D38: =KA!J38 -> 0 | E38: =KA!K38 -> 0 | F38: =KA!L38 -> 0 | G38: =KA!M38 -> 0 | H38: =KA!N38 -> 0 | ... L38: =KA!R38 -> 306533 | N38: Happy Chicken Centre | O38: 1341583
A39: =KA!G39 -> Direct - Inactive | B39: =KA!H39 -> Chaluvaraya Swamy Poultry Farm,Channapatna | C39: =KA!I39 -> 183720 | D39: =KA!J39 -> 0 | E39: =KA!K39 -> 0 | F39: =KA!L39 -> 0 | G39: =KA!M39 -> 0 | H39: =KA!N39 -> 0 | ... L39: =KA!R39 -> 183720 | N39: Happy Feed & Farms LLP | O39: 21500
A40: =KA!G40 -> Direct - Inactive | B40: =KA!H40 -> Deeksha Vet Medicals | C40: =KA!I40 -> 52000 | D40: =KA!J40 -> 0 | E40: =KA!K40 -> 0 | F40: =KA!L40 -> 0 | G40: =KA!M40 -> 0 | H40: =KA!N40 -> 0 | ... L40: =KA!R40 -> 0 | N40: Harish Poultry Farm- Mandya | O40: 13280
A41: =KA!G41 -> Direct - Inactive | B41: =KA!H41 -> Devapriya Foods & Feeds,Honnavara | C41: =KA!I41 -> 511820 | D41: =KA!J41 -> 0 | E41: =KA!K41 -> 0 | F41: =KA!L41 -> 0 | G41: =KA!M41 -> 0 | H41: =KA!N41 -> 0 | ... L41: =KA!R41 -> 511820 | N41: Haritha Agencies | O41: 430700
A42: =KA!G42 -> Direct - Inactive | B42: =KA!H42 -> Devaraja Poultry Farm | C42: =KA!I42 -> 461812 | D42: =KA!J42 -> 0 | E42: =KA!K42 -> 0 | F42: =KA!L42 -> 0 | G42: =KA!M42 -> 0 | H42: =KA!N42 -> 0 | ... L42: =KA!R42 -> 461812 | N42: Harsha Poultry Farm | O42: 8400
A43: =KA!G43 -> Direct - Inactive | B43: =KA!H43 -> Gurunatha Poultry Farm | C43: =KA!I43 -> 900848 | D43: =KA!J43 -> 0 | E43: =KA!K43 -> 0 | F43: =KA!L43 -> 0 | G43: =KA!M43 -> 0 | H43: =KA!N43 -> 0 | ... L43: =KA!R43 -> 900848 | N43: HKGN Poultry Farm | O43: 24074
A44: =KA!G44 -> Direct - Inactive | B44: =KA!H44 -> Happy Chicken Centre | C44: =KA!I44 -> 1341583 | D44: =KA!J44 -> 0 | E44: =KA!K44 -> 0 | F44: =KA!L44 -> 0 | G44: =KA!M44 -> 0 | H44: =KA!N44 -> 0 | ... L44: =KA!R44 -> 673583 | N44: Honey Poultry Feeds_x000D_ | O44: 877923
A45: =KA!G45 -> Direct - Inactive | B45: =KA!H45 -> Harish Poultry Farm- Mandya | C45: =KA!I45 -> 13280 | D45: =KA!J45 -> 0 | E45: =KA!K45 -> 0 | F45: =KA!L45 -> 0 | G45: =KA!M45 -> 0 | H45: =KA!N45 -> 0 | ... L45: =KA!R45 -> 0 | N45: Hunter Chicken & Eggs India (OPC) Pvt Ltd | O45: 2118932
A46: =KA!G46 -> Direct - Inactive | B46: =KA!H46 -> Hunter Chicken & Eggs India (OPC) Pvt Ltd | C46: =KA!I46 -> 753532 | D46: =KA!J46 -> 0 | E46: =KA!K46 -> 0 | F46: =KA!L46 -> 0 | G46: =KA!M46 -> 0 | H46: =KA!N46 -> 0 | ... L46: =KA!R46 -> 753532 | N46: J K Agencies | O46: 10601021
... A48: =KA!G48 -> Direct - Inactive | B48: =KA!H48 -> Jayanthi Associates, Kannur | C48: =KA!I48 -> 3222982 | D48: =KA!J48 -> 0 | E48: =KA!K48 -> 0 | F48: =KA!L48 -> 0 | G48: =KA!M48 -> 0 | H48: =KA!N48 -> 0 | ... L48: =KA!R48 -> 3222982 | N48: Javare Gowda Dairy Farm | O48: 8815
A49: =KA!G49 -> Direct - Inactive | B49: =KA!H49 -> Jayaraju Poultry Farm_x000D_ | C49: =KA!I49 -> 296940 | D49: =KA!J49 -> 0 | E49: =KA!K49 -> 0 | F49: =KA!L49 -> 0 | G49: =KA!M49 -> 0 | H49: =KA!N49 -> 0 | ... L49: =KA!R49 -> 296940 | N49: Jaya Kumar Poultry Farm | O49: 3824600 | Q49: =VLOOKUP(N49,'SD with Cr bal'!$D$3:$E$99,2,0) -> 45 | R49: =GETPIVOTDATA("Pending Bills",$N$1,"Particulars","Jaya Kumar Poultry Farm")-Q49 -> 3824555
A50: =KA!G50 -> Direct - Inactive | B50: =KA!H50 -> J K Pig Farm, Chllakere | C50: =KA!I50 -> 1639250 | D50: =KA!J50 -> 0 | E50: =KA!K50 -> 0 | F50: =KA!L50 -> 0 | G50: =KA!M50 -> 0 | H50: =KA!N50 -> 0 | ... L50: =KA!R50 -> 1639250 | N50: Jayalinga Poultry Farm | O50: 131750
A51: =KA!G51 -> Direct - Inactive | B51: =KA!H51 -> Jyothi Poultry Farm | C51: =KA!I51 -> 53935 | D51: =KA!J51 -> 0 | E51: =KA!K51 -> 0 | F51: =KA!L51 -> 0 | G51: =KA!M51 -> 0 | H51: =KA!N51 -> 0 | ... L51: =KA!R51 -> 0 | N51: Jayanthi Associates, Kannur | O51: 3222982
A52: =KA!G52 -> Direct - Inactive | B52: =KA!H52 -> Kannadiga Poultry Farm | C52: =KA!I52 -> 950 | D52: =KA!J52 -> 0 | E52: =KA!K52 -> 0 | F52: =KA!L52 -> 0 | G52: =KA!M52 -> 0 | H52: =KA!N52 -> 0 | ... L52: =KA!R52 -> 0 | N52: Jayaraju Poultry Farm_x000D_ | O52: 296940
A53: =KA!G53 -> Direct - Inactive | B53: =KA!H53 -> Kempanna Poultry Farm | C53: =KA!I53 -> 4350 | D53: =KA!J53 -> 0 | E53: =KA!K53 -> 0 | F53: =KA!L53 -> 0 | G53: =KA!M53 -> 0 | H53: =KA!N53 -> 0 | ... L53: =KA!R53 -> 0 | N53: Jeelan Poultry Farm | O53: 173480
A54: =KA!G54 -> Direct - Inactive | B54: =KA!H54 -> Krishna Murthy Labour | C54: =KA!I54 -> 2000 | D54: =KA!J54 -> 0 | E54: =KA!K54 -> 0 | F54: =KA!L54 -> 0 | G54: =KA!M54 -> 0 | H54: =KA!N54 -> 0 | ... L54: =KA!R54 -> 0 | N54: Jogi Gowda Poultry Farm | O54: 86330
A55: =KA!G55 -> Direct - Inactive | B55: =KA!H55 -> Krishnappa | C55: =KA!I55 -> 594147.4 | D55: =KA!J55 -> 0 | E55: =KA!K55 -> 0 | F55: =KA!L55 -> 0 | G55: =KA!M55 -> 0 | H55: =KA!N55 -> 0 | ... L55: =KA!R55 -> 594147.4 | N55: Jyothi Poultry Farm | O55: 53935
A56: =KA!G56 -> Direct - Inactive | B56: =KA!H56 -> Krushie Kushie C/O Rakshitha | C56: =KA!I56 -> 864426 | D56: =KA!J56 -> 0 | E56: =KA!K56 -> 0 | F56: =KA!L56 -> 0 | G56: =KA!M56 -> 0 | H56: =KA!N56 -> 0 | ... L56: =KA!R56 -> 0 | N56: Jyothi Poultry Farms | O56: 81564.16
A57: =KA!G57 -> Direct - Inactive | B57: =KA!H57 -> Lalitha Farm, Kadur | C57: =KA!I57 -> 36700 | D57: =KA!J57 -> 0 | E57: =KA!K57 -> 0 | F57: =KA!L57 -> 0 | G57: =KA!M57 -> 0 | H57: =KA!N57 -> 0 | ... L57: =KA!R57 -> 36700 | N57: K G Satya Poultry Farm | O57: 367278
A58: =KA!G58 -> Direct - Inactive | B58: =KA!H58 -> Madduramma Poultry Farm | C58: =KA!I58 -> 76200 | D58: =KA!J58 -> 0 | E58: =KA!K58 -> 0 | F58: =KA!L58 -> 0 | G58: =KA!M58 -> 0 | H58: =KA!N58 -> 0 | ... L58: =KA!R58 -> 76200 | N58: K P R fresh products | O58: 72657.64
A59: =KA!G59 -> Direct - Inactive | B59: =KA!H59 -> Megha Poultry Farm | C59: =KA!I59 -> 317430 | D59: =KA!J59 -> 0 | E59: =KA!K59 -> 0 | F59: =KA!L59 -> 0 | G59: =KA!M59 -> 0 | H59: =KA!N59 -> 0 | ... L59: =KA!R59 -> 317430 | N59: K Satya Padma Latha | O59: 117261
A60: =KA!G60 -> Direct - Inactive | B60: =KA!H60 -> M.Nataraja S/O M.R.Muniswamy | C60: =KA!I60 -> 101265 | D60: =KA!J60 -> 0 | E60: =KA!K60 -> 0 | F60: =KA!L60 -> 0 | G60: =KA!M60 -> 0 | H60: =KA!N60 -> 0 | ... L60: =KA!R60 -> 101265 | N60: K V R Poultry Farm | O60: 202127
A61: =KA!G61 -> Direct - Inactive | B61: =KA!H61 -> Murali Pig Farm | C61: =KA!I61 -> 4000 | D61: =KA!J61 -> 0 | E61: =KA!K61 -> 0 | F61: =KA!L61 -> 0 | G61: =KA!M61 -> 0 | H61: =KA!N61 -> 0 | ... L61: =KA!R61 -> 0 | N61: K.R.Traders _x000D_ | O61: 157024.79
... A80: =KA!G80 -> Direct - Inactive | B80: =KA!H80 -> Santhosh Poultry Farm | C80: =KA!I80 -> 356899 | D80: =KA!J80 -> 0 | E80: =KA!K80 -> 0 | F80: =KA!L80 -> 0 | G80: =KA!M80 -> 0 | H80: =KA!N80 -> 0 | ... L80: =KA!R80 -> 356899 | N80: Lalitha Farm, Kadur | O80: 36700
A81: =KA!G81 -> Direct - Inactive | B81: =KA!H81 -> S A Poultry Farm | C81: =KA!I81 -> 653616 | D81: =KA!J81 -> 0 | E81: =KA!K81 -> 0 | F81: =KA!L81 -> 0 | G81: =KA!M81 -> 0 | H81: =KA!N81 -> 0 | ... L81: =KA!R81 -> 653616 | N81: Laxmi Sai Breeding Farms Pvt Ltd | O81: 725 | Q81: =VLOOKUP(N81,'SD with Cr bal'!$D$3:$E$99,2,0) -> 10399 | R81: =Q81-GETPIVOTDATA("Pending Bills",$N$1,"Particulars","Laxmi Sai Breeding Farms Pvt Ltd") -> 9674
A82: =KA!G82 -> Direct - Inactive | B82: =KA!H82 -> S.B.Agencies | C82: =KA!I82 -> 1304929 | D82: =KA!J82 -> 0 | E82: =KA!K82 -> 0 | F82: =KA!L82 -> 0 | G82: =KA!M82 -> 0 | H82: =KA!N82 -> 0 | ... L82: =KA!R82 -> 1304929 | N82: Lotus Enterprises | O82: 5607262.2 | Q82: =VLOOKUP(N82,'SD with Cr bal'!$D$3:$E$99,2,0) -> 135000 | R82: =Q82-GETPIVOTDATA("Pending Bills",$N$1,"Particulars","Lotus Enterprises") -> -5472262.2
A83: =KA!G83 -> Direct - Inactive | B83: =KA!H83 -> Shashi Poultry Farm | C83: =KA!I83 -> 874075 | D83: =KA!J83 -> 0 | E83: =KA!K83 -> 0 | F83: =KA!L83 -> 0 | G83: =KA!M83 -> 0 | H83: =KA!N83 -> 0 | ... L83: =KA!R83 -> 874075 | N83: M Janaki Surya Narayana Raju | O83: 1277286.7
A84: =KA!G84 -> Direct - Inactive | B84: =KA!H84 -> Shree Harsha R | C84: =KA!I84 -> 18295 | D84: =KA!J84 -> 0 | E84: =KA!K84 -> 0 | F84: =KA!L84 -> 0 | G84: =KA!M84 -> 0 | H84: =KA!N84 -> 0 | ... L84: =KA!R84 -> 0 | N84: M S Feeds | O84: 3252785 | Q84: =VLOOKUP(N84,'SD with Cr bal'!$D$3:$E$99,2,0) -> 72000
A85: =KA!G85 -> Direct - Inactive | B85: =KA!H85 -> S K Poultry Farm | C85: =KA!I85 -> 223000 | D85: =KA!J85 -> 0 | E85: =KA!K85 -> 0 | F85: =KA!L85 -> 0 | G85: =KA!M85 -> 0 | H85: =KA!N85 -> 0 | ... L85: =KA!R85 -> 223000 | N85: M Sathyavathi | O85: 480720.83
A86: =KA!G86 -> Direct - Inactive | B86: =KA!H86 -> Spoorthy Poultry Farm | C86: =KA!I86 -> 840572 | D86: =KA!J86 -> 0 | E86: =KA!K86 -> 0 | F86: =KA!L86 -> 0 | G86: =KA!M86 -> 0 | H86: =KA!N86 -> 0 | ... L86: =KA!R86 -> 840572 | N86: M.Nataraja S/O M.R.Muniswamy | O86: 101265
A87: =KA!G87 -> Direct - Inactive | B87: =KA!H87 -> Sri Lakshmi Poultry Farm | C87: =KA!I87 -> 105900 | D87: =KA!J87 -> 0 | E87: =KA!K87 -> 0 | F87: =KA!L87 -> 0 | G87: =KA!M87 -> 0 | H87: =KA!N87 -> 0 | ... L87: =KA!R87 -> 105900 | N87: M/s Excel Poultry | O87: 60000
A88: =KA!G88 -> Direct - Inactive | B88: =KA!H88 -> Sri Sai Poultry Farm | C88: =KA!I88 -> 823063 | D88: =KA!J88 -> 0 | E88: =KA!K88 -> 0 | F88: =KA!L88 -> 0 | G88: =KA!M88 -> 0 | H88: =KA!N88 -> 0 | ... L88: =KA!R88 -> 823063 | N88: M/s Sri Guru Poultry Farm | O88: 28200
A89: =KA!G89 -> Direct - Inactive | B89: =KA!H89 -> Sri Sai Ram Poultry Farm | C89: =KA!I89 -> 786840 | D89: =KA!J89 -> 0 | E89: =KA!K89 -> 0 | F89: =KA!L89 -> 0 | G89: =KA!M89 -> 0 | H89: =KA!N89 -> 0 | ... L89: =KA!R89 -> 786840 | N89: M/s sri GuruThipperdra swamy poultry farm | O89: 6000
A90: =KA!G90 -> Direct - Inactive | B90: =KA!H90 -> Sri Sharada Gunny Merchents | C90: =KA!I90 -> 34169.68 | D90: =KA!J90 -> 0 | E90: =KA!K90 -> 0 | F90: =KA!L90 -> 0 | G90: =KA!M90 -> 0 | H90: =KA!N90 -> 0 | ... L90: =KA!R90 -> 34169.68 | N90: Madduramma Poultry Farm | O90: 76200
A91: =KA!G91 -> Direct - Inactive | B91: =KA!H91 -> Sri Surya Agency | C91: =KA!I91 -> 92625 | D91: =KA!J91 -> 0 | E91: =KA!K91 -> 0 | F91: =KA!L91 -> 0 | G91: =KA!M91 -> 0 | H91: =KA!N91 -> 0 | ... L91: =KA!R91 -> 92625 | N91: Mallikharjuna Rao Poultry Farm | O91: 700
A92: =KA!G92 -> Direct - Inactive | B92: =KA!H92 -> Sri Vigneshwara Poultry Services | C92: =KA!I92 -> 814865 | D92: =KA!J92 -> 0 | E92: =KA!K92 -> 0 | F92: =KA!L92 -> 0 | G92: =KA!M92 -> 0 | H92: =KA!N92 -> 0 | ... L92: =KA!R92 -> 814865 | N92: Manikyam Poultry Farm | O92: 47736
A93: =KA!G93 -> Direct - Inactive | B93: =KA!H93 -> Sudha Poultry Farm | C93: =KA!I93 -> 66000 | D93: =KA!J93 -> 0 | E93: =KA!K93 -> 0 | F93: =KA!L93 -> 0 | G93: =KA!M93 -> 0 | H93: =KA!N93 -> 0 | ... L93: =KA!R93 -> 0 | N93: Manju Poultry Farm | O93: 40000
A94: =KA!G94 -> Direct - Inactive | B94: =KA!H94 -> Suma Poultry Farm | C94: =KA!I94 -> 12375 | D94: =KA!J94 -> 0 | E94: =KA!K94 -> 0 | F94: =KA!L94 -> 0 | G94: =KA!M94 -> 0 | H94: =KA!N94 -> 0 | ... L94: =KA!R94 -> 0 | N94: Maruthi Poultry Farm | O94: 29400
A95: =KA!G95 -> Direct - Inactive | B95: =KA!H95 -> Sumedha Broiler Farms | C95: =KA!I95 -> 6510 | D95: =KA!J95 -> 0 | E95: =KA!K95 -> 0 | F95: =KA!L95 -> 0 | G95: =KA!M95 -> 0 | H95: =KA!N95 -> 0 | ... L95: =KA!R95 -> 6510 | N95: Masthan Poultry Farms | O95: 198547.2
A96: =KA!G96 -> Direct - Inactive | B96: =KA!H96 -> Sumuka Enterprises | C96: =KA!I96 -> 1366469 | D96: =KA!J96 -> 0 | E96: =KA!K96 -> 0 | F96: =KA!L96 -> 0 | G96: =KA!M96 -> 0 | H96: =KA!N96 -> 0 | ... L96: =KA!R96 -> 1366469 | N96: Matha Agencies | O96: 5070634
... A105: =KA!G105 -> Prabhakar | B105: =KA!H105 -> Sree Sai Poultry Farm | C105: =KA!I105 -> 436800 | D105: =KA!J105 -> 0 | E105: =KA!K105 -> 0 | F105: =KA!L105 -> 0 | G105: =KA!M105 -> 0 | H105: =KA!N105 -> 0 | ... L105: =KA!R105 -> 436800 | N105: Nalini Poultry Farm_x000D_ | O105: 234437
A106: =KA!G109 -> Direct - Active | B106: =KA!H109 -> Aavion Enterprises Drs | C106: =KA!I109 -> 59400 | D106: =KA!J109 -> 0 | E106: =KA!K109 -> 0 | F106: =KA!L109 -> 45000 | G106: =KA!M109 -> 14400 | H106: =KA!N109 -> 0 | ... L106: =KA!R109 -> 0 | N106: Nandan Agencies | O106: 496253
A107: =KA!G110 -> Direct - Active | B107: =KA!H110 -> CNC Poultry Farms & Feeds | C107: =KA!I110 -> 133500 | D107: =KA!J110 -> 133500 | E107: =KA!K110 -> 0 | F107: =KA!L110 -> 0 | G107: =KA!M110 -> 0 | H107: =KA!N110 -> 0 | ... L107: =KA!R110 -> 0 | N107: Nandish Poultry Farm Mandya | O107: 3950
A108: =KA!G111 -> Direct - Active | B108: =KA!H111 -> Happy Feed & Farms LLP | C108: =KA!I111 -> 21500 | D108: =KA!J111 -> 0 | E108: =KA!K111 -> 0 | F108: =KA!L111 -> 0 | G108: =KA!M111 -> 0 | H108: =KA!N111 -> 0 | ... L108: =KA!R111 -> 0 | N108: Narayana Poultry Farm | O108: 2610248
A109: =KA!G112 -> Direct - Active | B109: =KA!H112 -> Kabbalamma Poultry Farm | C109: =KA!I112 -> 92049 | D109: =KA!J112 -> 68250 | E109: =KA!K112 -> 0 | F109: =KA!L112 -> 0 | G109: =KA!M112 -> 23799 | H109: =KA!N112 -> 0 | ... L109: =KA!R112 -> 0 | N109: Narender Reddy poultry farms | O109: 5200
A110: =KA!G113 -> Direct - Active | B110: =KA!H113 -> Maruthi Poultry Farm | C110: =KA!I113 -> 29400 | D110: =KA!J113 -> 29400 | E110: =KA!K113 -> 0 | F110: =KA!L113 -> 0 | G110: =KA!M113 -> 0 | H110: =KA!N113 -> 0 | ... L110: =KA!R113 -> 0 | N110: Nellukkarans Foods & Feeds Pvt Ltd | O110: 528500
A111: =KA!G114 -> Direct - Active | B111: =KA!H114 -> Raghavendra Enterprises | C111: =KA!I114 -> 842606 | D111: =KA!J114 -> 0 | E111: =KA!K114 -> 842606 | F111: =KA!L114 -> 0 | G111: =KA!M114 -> 0 | H111: =KA!N114 -> 0 | ... L111: =KA!R114 -> 0 | N111: Nimishamba Poultry Farm | O111: 138888
A112: =KA!G115 -> Direct - Active | B112: =KA!H115 -> Srinivasa Poultry Farm-Nandi Cross | C112: =KA!I115 -> 24151 | D112: =KA!J115 -> 0 | E112: =KA!K115 -> 0 | F112: =KA!L115 -> 0 | G112: =KA!M115 -> 24151 | H112: =KA!N115 -> 0 | ... L112: =KA!R115 -> 0 | N112: Ningappa Poultry Farm | O112: 688177
A113: =KA!G116 -> Direct - Active | B113: =KA!H116 -> Sumedha Broiler Farms | C113: =KA!I116 -> 1000 | D113: =KA!J116 -> 1000 | E113: =KA!K116 -> 0 | F113: =KA!L116 -> 0 | G113: =KA!M116 -> 0 | H113: =KA!N116 -> 0 | ... L113: =KA!R116 -> 0 | N113: Ningaraju Poultry Farm | O113: 23175
A114: =KA!G117 -> Direct - Inactive | B114: =KA!H117 -> Ajwa Poultry Feed | C114: =KA!I117 -> 121200 | D114: =KA!J117 -> 0 | E114: =KA!K117 -> 0 | F114: =KA!L117 -> 0 | G114: =KA!M117 -> 0 | H114: =KA!N117 -> 0 | ... L114: =KA!R117 -> 0 | N114: NNR Associates _x000D_ | O114: 891238.03
A115: =KA!G118 -> Direct - Inactive | B115: =KA!H118 -> Annapoorna Poultry Farm | C115: =KA!I118 -> 32650 | D115: =KA!J118 -> 0 | E115: =KA!K118 -> 0 | F115: =KA!L118 -> 0 | G115: =KA!M118 -> 0 | H115: =KA!N118 -> 0 | ... L115: =KA!R118 -> 32650 | N115: Obulesh poultry Farm | O115: 65500
A116: =KA!G119 -> Direct - Inactive | B116: =KA!H119 -> Krishna Poultry Farms, CPT | C116: =KA!I119 -> 94800 | D116: =KA!J119 -> 0 | E116: =KA!K119 -> 0 | F116: =KA!L119 -> 0 | G116: =KA!M119 -> 0 | H116: =KA!N119 -> 0 | ... L116: =KA!R119 -> 94800 | N116: Om Sai Ram | O116: 14565 | Q116: =VLOOKUP(N116,'SD with Cr bal'!$D$3:$E$99,2,0) -> 25
A117: =KA!G120 -> Direct - Inactive | B117: =KA!H120 -> Nimishamba Poultry Farm | C117: =KA!I120 -> 138888 | D117: =KA!J120 -> 0 | E117: =KA!K120 -> 0 | F117: =KA!L120 -> 0 | G117: =KA!M120 -> 0 | H117: =KA!N120 -> 0 | ... L117: =KA!R120 -> 0 | N117: Padmaja Farms | O117: 128860
A118: =KA!G121 -> Direct - Inactive | B118: =KA!H121 -> Poonacha PB | C118: =KA!I121 -> 1700 | D118: =KA!J121 -> 0 | E118: =KA!K121 -> 0 | F118: =KA!L121 -> 0 | G118: =KA!M121 -> 0 | H118: =KA!N121 -> 0 | ... L118: =KA!R121 -> 0 | N118: Poonacha PB | O118: 33000
A119: =KA!G122 -> Direct - Inactive | B119: =KA!H122 -> Premier Distributors | C119: =KA!I122 -> 455999 | D119: =KA!J122 -> 0 | E119: =KA!K122 -> 0 | F119: =KA!L122 -> 0 | G119: =KA!M122 -> 0 | H119: =KA!N122 -> 0 | ... L119: =KA!R122 -> 455999 | N119: Poorna Chandra Poultry Farm | O119: 613527.79
A120: =KA!G123 -> Direct - Inactive | B120: =KA!H123 -> Principal Investigator, Poultry Science | C120: =KA!I123 -> 66297 | D120: =KA!J123 -> 0 | E120: =KA!K123 -> 0 | F120: =KA!L123 -> 0 | G120: =KA!M123 -> 0 | H120: =KA!N123 -> 0 | ... L120: =KA!R123 -> 66297 | N120: Pramod Kumar.C Poultry Farm | O120: 47200
A121: =KA!G124 -> Direct - Inactive | B121: =KA!H124 -> Renuka Feeds | C121: =KA!I124 -> 347500 | D121: =KA!J124 -> 0 | E121: =KA!K124 -> 0 | F121: =KA!L124 -> 0 | G121: =KA!M124 -> 0 | H121: =KA!N124 -> 0 | ... L121: =KA!R124 -> 347500 | N121: Prasanan Kumar Poultry Farm | O121: 1280
A122: =KA!G125 -> Direct - Inactive | B122: =KA!H125 -> Ruchi Agro Industries | C122: =KA!I125 -> 414295 | D122: =KA!J125 -> 0 | E122: =KA!K125 -> 0 | F122: =KA!L125 -> 0 | G122: =KA!M125 -> 0 | H122: =KA!N125 -> 0 | ... L122: =KA!R125 -> 414295 | N122: Prasanna Pig Farm | O122: 180
A123: =KA!G126 -> Direct - Inactive | B123: =KA!H126 -> Sampath Kumar M K | C123: =KA!I126 -> 94150 | D123: =KA!J126 -> 0 | E123: =KA!K126 -> 0 | F123: =KA!L126 -> 0 | G123: =KA!M126 -> 0 | H123: =KA!N126 -> 0 | ... L123: =KA!R126 -> 94150 | N123: Pratham Distributors | O123: 1319600
A124: =KA!G127 -> Direct - Inactive | B124: =KA!H127 -> Sathish Feeds Chandapur | C124: =KA!I127 -> 7750 | D124: =KA!J127 -> 0 | E124: =KA!K127 -> 0 | F124: =KA!L127 -> 0 | G124: =KA!M127 -> 0 | H124: =KA!N127 -> 0 | ... L124: =KA!R127 -> 7750 | N124: Prathapa Poultry Farm | O124: 47355
A125: =KA!G128 -> Direct - Inactive | B125: =KA!H128 -> Shakthi Hatcheries & Feeds | C125: =KA!I128 -> 56826 | D125: =KA!J128 -> 0 | E125: =KA!K128 -> 0 | F125: =KA!L128 -> 0 | G125: =KA!M128 -> 0 | H125: =KA!N128 -> 0 | ... L125: =KA!R128 -> 0 | N125: Praveen Poultry Farm - Koppa | O125: 45014
A126: =KA!G129 -> Direct - Inactive | B126: =KA!H129 -> SR Agro Farms - Rajanakunte | C126: =KA!I129 -> 221525 | D126: =KA!J129 -> 0 | E126: =KA!K129 -> 0 | F126: =KA!L129 -> 0 | G126: =KA!M129 -> 0 | H126: =KA!N129 -> 0 | ... L126: =KA!R129 -> 221525 | N126: Premier Distributors | O126: 455999
A127: =KA!G130 -> Direct - Inactive | B127: =KA!H130 -> Sri Chamundeshwari Poultry Feeds | C127: =KA!I130 -> 39921.34 | D127: =KA!J130 -> 0 | E127: =KA!K130 -> 0 | F127: =KA!L130 -> 0 | G127: =KA!M130 -> 0 | H127: =KA!N130 -> 0 | ... L127: =KA!R130 -> 28671.34 | N127: Principal Investigator | O127: 51000
A128: =KA!G131 -> Direct - Inactive | B128: =KA!H131 -> Sri Nandi Feeds | C128: =KA!I131 -> 1679384 | D128: =KA!J131 -> 0 | E128: =KA!K131 -> 0 | F128: =KA!L131 -> 0 | G128: =KA!M131 -> 0 | H128: =KA!N131 -> 0 | ... L128: =KA!R131 -> 1679384 | N128: Principal Investigator, Poultry Science | O128: 66297
... A141: =KA!G144 -> Prabhakar | B141: =KA!H144 -> Venkateshwara Poultry Farm - Harihara | C141: =KA!I144 -> 6150 | D141: =KA!J144 -> 0 | E141: =KA!K144 -> 0 | F141: =KA!L144 -> 0 | G141: =KA!M144 -> 0 | H141: =KA!N144 -> 0 | ... L141: =KA!R144 -> 6150 | N141: Ramesh Poultry Farms | O141: 56995
A142: =KA!G148 -> Dayananda | B142: =KA!H148 -> Ramakrishna Nayak | C142: =KA!I148 -> 64450 | D142: =KA!J148 -> 0 | E142: =KA!K148 -> 0 | F142: =KA!L148 -> 0 | G142: =KA!M148 -> 0 | H142: =KA!N148 -> 64450 | ... L142: =KA!R148 -> 0 | N142: Ranjith Pig Farm | O142: 3940
A143: =KA!G149 -> Direct - Active | B143: =KA!H149 -> Akash Enterprises | C143: =KA!I149 -> 1635149.8 | D143: =KA!J149 -> 67625 | E143: =KA!K149 -> 153650 | F143: =KA!L149 -> 316125 | G143: =KA!M149 -> 171150 | H143: =KA!N149 -> 715750 | ... L143: =KA!R149 -> 0 | N143: Ras Traders | O143: 190900
A144: =KA!G150 -> Direct - Active | B144: =KA!H150 -> CNC Poultry Farms & Feeds | C144: =KA!I150 -> 4837099 | D144: =KA!J150 -> 136500 | E144: =KA!K150 -> 283620 | F144: =KA!L150 -> 585945 | G144: =KA!M150 -> 261600 | H144: =KA!N150 -> 1262250 | ... L144: =KA!R150 -> 0 | N144: Ravi Poultry Farm,K M Doddi | O144: 24960
A145: =KA!G151 -> Direct - Inactive | B145: =KA!H151 -> Ambika Poultry Farm | C145: =KA!I151 -> 236276.25 | D145: =KA!J151 -> 0 | E145: =KA!K151 -> 0 | F145: =KA!L151 -> 0 | G145: =KA!M151 -> 0 | H145: =KA!N151 -> 0 | ... L145: =KA!R151 -> 0 | N145: Renuka Feeds | O145: 347500
A146: =KA!G152 -> Direct - Inactive | B146: =KA!H152 -> Kavya Traders | C146: =KA!I152 -> 335497 | D146: =KA!J152 -> 0 | E146: =KA!K152 -> 0 | F146: =KA!L152 -> 0 | G146: =KA!M152 -> 0 | H146: =KA!N152 -> 0 | ... L146: =KA!R152 -> 335497 | N146: Rishan Exporters | O146: 6644004
A147: =KA!G153 -> Direct - Inactive | B147: =KA!H153 -> Savithri Poultry Farm_x000D_ | C147: =KA!I153 -> 75494 | D147: =KA!J153 -> 0 | E147: =KA!K153 -> 0 | F147: =KA!L153 -> 0 | G147: =KA!M153 -> 0 | H147: =KA!N153 -> 0 | ... L147: =KA!R153 -> 75494 | N147: RKR Poultry Farm | O147: 343860
A148: =KA!G154 -> G Chandra Sekhar | B148: =KA!H154 -> Yousuf Pf kaddirampur Hampi | C148: =KA!I154 -> 30607 | D148: =KA!J154 -> 30607 | E148: =KA!K154 -> 0 | F148: =KA!L154 -> 0 | G148: =KA!M154 -> 0 | H148: =KA!N154 -> 0 | ... L148: =KA!R154 -> 0 | N148: Roopa Poultry Farm | O148: 119005.51
A149: =KA!G155 -> Prabhakar | B149: =KA!H155 -> GMI Poultry Foods | C149: =KA!I155 -> 125036 | D149: =KA!J155 -> 0 | E149: =KA!K155 -> 0 | F149: =KA!L155 -> 0 | G149: =KA!M155 -> 0 | H149: =KA!N155 -> 0 | ... L149: =KA!R155 -> 0 | N149: Royal Traders | O149: 475
A150: =KA!G156 -> Prabhakar | B150: =KA!H156 -> Hanumanthappa Poultry Farm | C150: =KA!I156 -> 168114 | D150: =KA!J156 -> 0 | E150: =KA!K156 -> 0 | F150: =KA!L156 -> 0 | G150: =KA!M156 -> 0 | H150: =KA!N156 -> 0 | ... L150: =KA!R156 -> 0 | N150: Ruchi Agro Industries | O150: 414295
A151: =KA!G157 -> Prabhakar | B151: =KA!H157 -> Harsha Poultry Farm | C151: =KA!I157 -> 8400 | D151: =KA!J157 -> 0 | E151: =KA!K157 -> 0 | F151: =KA!L157 -> 0 | G151: =KA!M157 -> 0 | H151: =KA!N157 -> 0 | ... L151: =KA!R157 -> 8400 | N151: S A Poultry Farm | O151: 653616
A152: =KA!G158 -> Prabhakar | B152: =KA!H158 -> HKGN Poultry Farm | C152: =KA!I158 -> 24074 | D152: =KA!J158 -> 0 | E152: =KA!K158 -> 0 | F152: =KA!L158 -> 0 | G152: =KA!M158 -> 0 | H152: =KA!N158 -> 0 | ... L152: =KA!R158 -> 950 | N152: S D Reshma poultry farm | O152: 5845.23
A153: =KA!G159 -> Prabhakar | B153: =KA!H159 -> Jeelan Poultry Farm | C153: =KA!I159 -> 173480 | D153: =KA!J159 -> 0 | E153: =KA!K159 -> 0 | F153: =KA!L159 -> 0 | G153: =KA!M159 -> 0 | H153: =KA!N159 -> 0 | ... L153: =KA!R159 -> 0 | N153: S I T Agencies | O153: 3517061
... A175: =KA!G181 -> Prabhakar | B175: =KA!H181 -> Sree Sai Poultry Farm | C175: =KA!I181 -> 460909 | D175: =KA!J181 -> 0 | E175: =KA!K181 -> 0 | F175: =KA!L181 -> 0 | G175: =KA!M181 -> 0 | H175: =KA!N181 -> 0 | ... L175: =KA!R181 -> 460909 | N175: Shashi Poultry Farm | O175: 874075
A176: =KA!G182 -> Prabhakar | B176: =KA!H182 -> Sree Vinayaka Poultry Farm | C176: =KA!I182 -> 25200 | D176: =KA!J182 -> 0 | E176: =KA!K182 -> 0 | F176: =KA!L182 -> 0 | G176: =KA!M182 -> 0 | H176: =KA!N182 -> 0 | ... L176: =KA!R182 -> 25200 | N176: Shashidhara Poultry Form | O176: 50600 | Q176: =VLOOKUP(N176,'SD with Cr bal'!$D$3:$E$99,2,0) -> 10920
A177: =KA!G183 -> Prabhakar | B177: =KA!H183 -> Sri Hamika Poultry Farm | C177: =KA!I183 -> 735000 | D177: =KA!J183 -> 0 | E177: =KA!K183 -> 0 | F177: =KA!L183 -> 0 | G177: =KA!M183 -> 0 | H177: =KA!N183 -> 0 | ... L177: =KA!R183 -> 735000 | N177: Shashidhara Poultry Form-Old-Prabhakar | O177: 16700
A178: =KA!G184 -> Prabhakar | B178: =KA!H184 -> Sri Laxmi Poultry Farm | C178: =KA!I184 -> 170000 | D178: =KA!J184 -> 0 | E178: =KA!K184 -> 0 | F178: =KA!L184 -> 0 | G178: =KA!M184 -> 0 | H178: =KA!N184 -> 0 | ... L178: =KA!R184 -> 170000 | N178: Shree Agencies | O178: 5742269.8
A179: =KA!G185 -> Prabhakar | B179: =KA!H185 -> Sri Madhu Poultry Farm | C179: =KA!I185 -> 321000 | D179: =KA!J185 -> 0 | E179: =KA!K185 -> 0 | F179: =KA!L185 -> 0 | G179: =KA!M185 -> 0 | H179: =KA!N185 -> 0 | ... L179: =KA!R185 -> 0 | N179: Shree Harsha R | O179: 18295
...

Sheet SD with Cr bal
A1: SD Credit Balance as of 31st July 2026
A3: DBS | B3: Credit | D3: Particulars | E3: Credit | J3: Particulars | K3: Credit
A4: A-One Poultry Feed | B4: 2690 | D4: =A4 -> A-One Poultry Feed | E4: =B4 -> 2690 | J4: Aditi Enterprises | K4: 8500
A5: Bharath Malnad Farms_x000D_ | B5: 1250 | D5: =A5 -> Bharath Malnad Farms_x000D_ | E5: =B5 -> 1250 | J5: Akash Poultry Farm | K5: 246514
A6: Komala Poultry | B6: 100 | D6: =A6 -> Komala Poultry | E6: =B6 -> 100 | J6: Ali poultry farms | K6: 1500
A7: Lotus Enterprises | B7: 135000 | D7: =A7 -> Lotus Enterprises | E7: =B7 -> 135000 | J7: A-One Poultry Feed | K7: 2690
A8: M.A. Haji Poultry Farm | B8: 18800 | D8: =A8 -> M.A. Haji Poultry Farm | E8: =B8 -> 18800 | J8: Bharath Malnad Farms_x000D_ | K8: 1250
A9: SR Agro Farms | B9: 14554 | D9: =A9 -> SR Agro Farms | E9: =B9 -> 14554 | J9: Bharat Poultry Farms | K9: 53814
A10: Sri Krishna Sai Farms | B10: 41550 | D10: =A10 -> Sri Krishna Sai Farms | E10: =B10 -> 41550 | J10: Demo | K10: 176390
A11: Sri Puradamma Poultry Feeds & Form | B11: 29375 | D11: =A11 -> Sri Puradamma Poultry Feeds & Form | E11: =B11 -> 29375 | J11: Devi Poultry Farm | K11: 11006.95
A12: Sunbiotic Animal Health Pvt Ltd | B12: 4615.25 | D12: =A12 -> Sunbiotic Animal Health Pvt Ltd | E12: =B12 -> 4615.25 | J12: Gouthami Poultry Farm | K12: 15700
B13: =SUM(B4:B12) -> 247934.25 | D13: =A15 -> Masthan Poultry Farm | E13: =B15 -> 340 | J13: G.V.Soma Raju Poultry Farm | K13: 12214.54
A14: Hosur | D14: =A16 -> M M Traders | E14: =B16 -> 1000 | J14: Ideal Ventures | K14: 1390
A15: Masthan Poultry Farm | B15: 340 | D15: =A17 -> Siva Reddy Poultry Farm | E15: =B17 -> 6961 | J15: Komala Poultry | K15: 100
A16: M M Traders | B16: 1000 | D16: =A18 -> SJ Traders | E16: =B18 -> 400 | J16: Krishna Agri Vet | K16: 7200
A17: Siva Reddy Poultry Farm | B17: 6961 | D17: =A21 -> Krishna Agri Vet | E17: =B21 -> 7200 | J17: Maddur Taluk Koli Sakanike Raitra Sahakara Sangha | K17: 21647
A18: SJ Traders | B18: 400 | D18: =A22 -> Nagendra Nayak | E18: =B22 -> 2000 | J18: M.A. Haji Poultry Farm | K18: 18800
B19: =SUM(B15:B18) -> 8701 | D19: =A23 -> Shakthiman Poultry Farm | E19: =B23 -> 4104 | J19: Masthan Poultry Farm | K19: 340
A20: Hubli | D20: =A26 -> GMI Poultry Foods | E20: =B26 -> 90000 | J20: Nagabhushanarao Poultry Farm | K20: 5605.12
A21: Krishna Agri Vet | B21: 7200 | D21: =A27 -> Gouthami Poultry Farm | E21: =B27 -> 15700 | J21: Nagendra Nayak | K21: 2000
A22: Nagendra Nayak | B22: 2000 | D22: =A28 -> Laxmi Sai Breeding Farms Pvt Ltd | E22: =B28 -> 10399 | J22: Nalluri phanikumar | K22: 1247
A23: Shakthiman Poultry Farm | B23: 4104 | D23: =A29 -> Mahadeva Poultry Farm | E23: =B29 -> 8136 | J23: Nandini Poultry Farm _x000D_ | K23: 77704.07
B24: =SUM(B21:B23) -> 13304 | D24: =A30 -> Nandina Poultry Complex | E24: =B30 -> 3.36 | J24: Natural Remedies Pvt Ltd, TN | K24: 17057.75
A25: Jamuna | D25: =A31 -> N Mallikharjunarao Poultry farm | E25: =B31 -> 31900 | J25: N Subbarao | K25: 9881
A26: GMI Poultry Foods | B26: 90000 | D26: =A32 -> Prabhavathi Sunrice Poultry | E26: =B32 -> 28800 | J26: Prabhavathi Sunrice Poultry | K26: 28800
A27: Gouthami Poultry Farm | B27: 15700 | D27: =A33 -> Samakka Sarakka Poultry farms | E27: =B33 -> 8175 | J27: Ramalinge Gowda Poultry Farm | K27: 2255
A28: Laxmi Sai Breeding Farms Pvt Ltd | B28: 10399 | D28: =A34 -> Shashidhara Poultry Form | E28: =B34 -> 10920 | J28: Satyanarayana Poultries _x000D_ | K28: 10049.54
A29: Mahadeva Poultry Farm | B29: 8136 | D29: =A35 -> Srinivasa Poultry Farm | E29: =B35 -> 9454.94 | J29: Sekhar poultry Farm | K29: 188002
A30: Nandina Poultry Complex | B30: 3.36 | D30: =A36 -> Sri Sai Poultry Farm | E30: =B36 -> 9719.3 | J30: Shivarudra Poultry Farm | K30: 70423
A31: N Mallikharjunarao Poultry farm | B31: 31900 | D31: =A37 -> Sri Siddi Vinayaka Agro Centre | E31: =B37 -> 448000 | J31: Slv Cattle Feeds | K31: 5000
A32: Prabhavathi Sunrice Poultry | B32: 28800 | D32: =A38 -> S S Poultry Farm | E32: =B38 -> 100750 | J32: SR Agro Farms | K32: 14554
A33: Samakka Sarakka Poultry farms | B33: 8175 | D33: =A41 -> Aditi Enterprises | E33: =B41 -> 8500 | J33: Sribala Balaji Srinivasa PF | K33: 46604
A34: Shashidhara Poultry Form | B34: 10920 | D34: =A42 -> CKS Poultry Farm | E34: =B42 -> 3000 | J34: Sri Devi Durga Poultry Farm | K34: 7965
A35: Srinivasa Poultry Farm | B35: 9454.94 | D35: =A43 -> Siva Reddy Poultry Farm | E35: =B43 -> 4000 | J35: Sri Gayathri Poultry Farm | K35: 6613
A36: Sri Sai Poultry Farm | B36: 9719.3 | D36: =A44 -> Slv Cattle Feeds | E36: =B44 -> 5000 | J36: Sri Lakshmi Narasimha Poultry & Goat Farm | K36: 500
A37: Sri Siddi Vinayaka Agro Centre | B37: 448000 | D37: =A45 -> Sri Lakshmi Narasimha Poultry & Goat Farm | E37: =B45 -> 500 | J37: Sri Manjunatha Agencies | K37: 1750
A38: S S Poultry Farm | B38: 100750 | D38: =A48 -> Akash Poultry Farm | E38: =B48 -> 246514 | J38: Sri Puradamma Poultry Feeds & Form | K38: 29375
B39: =SUM(B26:B38) -> 771957.6 | D39: =A49 -> Anilkumar Poultry Farm | E39: =B49 -> 575 | J39: Sri Sai Harsha Poultry Farm | K39: 18876
A40: Komarla | D40: =A50 -> Byraveshwara Poultry & Cattel Feeds _x000D_ | E40: =B50 -> 129963 | J40: Sri Satya Poultries | K40: 1074.52
A41: Aditi Enterprises | B41: 8500 | D41: =A51 -> Demo | E41: =B51 -> 176390 | J41: Sri Venkateshwara Poultry Farm_x000D_ | K41: 11349.5
A42: CKS Poultry Farm | B42: 3000 | D42: =A52 -> Harish Poultry Farm | E42: =B52 -> 1647329 | J42: Suguna Foods Private Limited - Drs | K42: 5050
A43: Siva Reddy Poultry Farm | B43: 4000 | D43: =A53 -> Maddur Taluk Koli Sakanike Raitra Sahakara Sangha | E43: =B53 -> 21647 | J43: Thamana Poultry Farms | K43: 630
A44: Slv Cattle Feeds | B44: 5000 | D44: =A54 -> Natural Remedies Pvt Ltd | E44: =B54 -> 3690 | J44: Venkata Krishna Poultry Farms | K44: 27988.98
A45: Sri Lakshmi Narasimha Poultry & Goat Farm | B45: 500 | D45: =A55 -> Natural Remedies Pvt Ltd, TN | E45: =B55 -> 17057.75 | J45: Venkateshwara Poultry Farm, Arathamuru | K45: 9581
B46: =SUM(B41:B45) -> 21000 | D46: =A56 -> Pai Traders | E46: =B56 -> 121179 | J46: Vinayaka Agencies | K46: 29998
A47: Mandya | D47: =A57 -> Ramalinge Gowda Poultry Farm | E47: =B57 -> 2255 | J47: VPF FEEDS | K47: 2500
A48: Akash Poultry Farm | B48: 246514 | D48: =A58 -> Real Chicks Poultry | E48: =B58 -> 12000 | J48: Anilkumar Poultry Farm | K48: 575
A49: Anilkumar Poultry Farm | B49: 575 | D49: =A59 -> Shivarudra Poultry Farm | E49: =B59 -> 70423 | J49: Byraveshwara Poultry & Cattel Feeds _x000D_ | K49: 129963
A50: Byraveshwara Poultry & Cattel Feeds _x000D_ | B50: 129963 | D50: =A60 -> Sri Manjunatha Agencies | E50: =B60 -> 1750 | J50: CKS Poultry Farm | K50: 3000
A51: Demo | B51: 176390 | D51: =A61 -> Suguna Foods Private Limited - Drs | E51: =B61 -> 5050 | J51: Foodbank Feeds | K51: 82000
A52: Harish Poultry Farm | B52: 1647329 | D52: =A62 -> Thamana Poultry Farms | E52: =B62 -> 630 | J52: JJ Traders | K52: 16000
A53: Maddur Taluk Koli Sakanike Raitra Sahakara Sangha | B53: 21647 | D53: =A63 -> Vinayaka Agencies | E53: =B63 -> 29998 | J53: Mahadeva Poultry Farm | K53: 8136
A54: Natural Remedies Pvt Ltd | B54: 3690 | D54: =A67 -> Nandina Poultry Complex | E54: =B67 -> 415.8 | J54: M M Traders | K54: 1000
A55: Natural Remedies Pvt Ltd, TN | B55: 17057.75 | D55: =A68 -> Santhoshi Maa Farms | E55: =B68 -> 2288.24 | J55: Natural Remedies Pvt Ltd | K55: 119820
A56: Pai Traders | B56: 121179 | D56: =A69 -> Sri Manikanta Farms | E56: =B69 -> 30 | J56: N Mallikharjunarao Poultry farm | K56: 31900
A57: Ramalinge Gowda Poultry Farm | B57: 2255 | D57: =A70 -> V. Laxma Reddy | E57: =B70 -> 3000 | J57: Ponssuvai Chicken | K57: 526350
A58: Real Chicks Poultry | B58: 12000 | D58: =A73 -> Aerthayil Farms & Feeds | E58: =B73 -> 19516 | J58: Samakka Sarakka Poultry farms | K58: 8175
A59: Shivarudra Poultry Farm | B59: 70423 | D59: =A74 -> Bismi Chicken Farms | E59: =B74 -> 5000 | J59: Sri Krishna Sai Farms | K59: 41550
A60: Sri Manjunatha Agencies | B60: 1750 | D60: =A75 -> harish Poultry Farm | E60: =B75 -> 1299 | J60: Sri Lakshmi Sai Poultry Farm | K60: 624
A61: Suguna Foods Private Limited - Drs | B61: 5050 | D61: =A76 -> Jaya Kumar Poultry Farm | E61: =B76 -> 45 | J61: Sri Manikanta Farms | K61: 30
A62: Thamana Poultry Farms | B62: 630 | D62: =A77 -> JJ Traders | E62: =B77 -> 16000 | J62: Sri Siddi Vinayaka Agro Centre | K62: 448000
A63: Vinayaka Agencies | B63: 29998 | D63: =A78 -> Om Sai Ram | E63: =B78 -> 25 | J63: Sri Venkateswara Poultry Farm | K63: 50700.6
A64: Grand Total | B64: =SUM(B48:B63) -> 2486450.8 | D64: =A79 -> Ponssuvai Chicken | E64: =B79 -> 526350 | J64: S S Poultry Farm | K64: 100750
D65: =A80 -> Sakthi Poultry Feeds | E65: =B80 -> 9225 | J65: Sunbiotic Animal Health Pvt Ltd | K65: 4615.25
A66: Noveltech | D66: =A81 -> SJ Traders | E66: =B81 -> 900 | J66: V. Laxma Reddy | K66: 3000
A67: Nandina Poultry Complex | B67: 415.8 | D67: =A84 -> Ayaan Feeds | E67: =B84 -> 2550 | J67: Aerthayil Farms & Feeds | K67: 19516
A68: Santhoshi Maa Farms | B68: 2288.24 | D68: =A85 -> Ideal Ventures | E68: =B85 -> 1390 | J68: Ayaan Feeds | K68: 2550
A69: Sri Manikanta Farms | B69: 30 | D69: =A86 -> M S Feeds | E69: =B86 -> 72000 | J69: Bismi Chicken Farms | K69: 5000
A70: V. Laxma Reddy | B70: 3000 | D70: =A87 -> Sakshi Poultry Feed & Farms | E70: =B87 -> 58076.4 | J70: Haritha Agencies | K70: 16600
B71: =SUM(B67:B70) -> 5734.04 | D71: =A88 -> Sana Feeds | E71: =B88 -> 5000 | J71: Laxmi Sai Breeding Farms Pvt Ltd | K71: 9674 | L71: =K71-E22 -> -725
A72: Perundurai | D72: =A89 -> S K R Trading | E72: =B89 -> 16425 | J72: Pai Traders | K72: 121179
A73: Aerthayil Farms & Feeds | B73: 19516 | D73: =A90 -> VPF FEEDS | E73: =B90 -> 2500 | J73: Sakthi Poultry Feeds | K73: 9225
A74: Bismi Chicken Farms | B74: 5000 | D74: =A93 -> Foodbank Feeds | E74: =B93 -> 82000 | J74: Sana Feeds | K74: 5000
A75: harish Poultry Farm | B75: 1299 | D75: =A94 -> Haritha Agencies | E75: =B94 -> 447300 | J75: Santhoshi Maa Farms | K75: 2288.24
A76: Jaya Kumar Poultry Farm | B76: 45 | D76: =A97 -> Ali poultry farms | E76: =B97 -> 1500 | J76: Shakthiman Poultry Farm | K76: 4104
A77: JJ Traders | B77: 16000 | D77: =A98 -> Bharat Poultry Farms | E77: =B98 -> 53814 | J77: Siva Reddy Poultry Farm | K77: 10961
A78: Om Sai Ram | B78: 25 | D78: =A99 -> Devi Poultry Farm | E78: =B99 -> 11006.95 | J78: SJ Traders | K78: 1300
A79: Ponssuvai Chicken | B79: 526350 | D79: =A100 -> G.V.Soma Raju Poultry Farm | E79: =B100 -> 12214.54 | J79: S K R Trading | K79: 16425
A80: Sakthi Poultry Feeds | B80: 9225 | D80: =A101 -> MDR Poultry Farm | E80: =B101 -> 18170 | J80: Sri Venkataramana poultries | K80: 984
A81: SJ Traders | B81: 900 | D81: =A102 -> Nagabhushanarao Poultry Farm | E81: =B102 -> 5605.12 | J81: Vivo Enterprises | K81: 5869.99
B82: =SUM(B73:B81) -> 578360 | D82: =A103 -> Nalluri phanikumar | E82: =B103 -> 1247 | J82: MDR Poultry Farm | K82: 18170
A83: Polachi | D83: =A104 -> Nandini Poultry Farm _x000D_ | E83: =B104 -> 77704.07 | J83: Nandina Poultry Complex | K83: 419.16
A84: Ayaan Feeds | B84: 2550 | D84: =A105 -> N Subbarao | E84: =B105 -> 9881 | J84: Real Chicks Poultry | K84: 12000
A85: Ideal Ventures | B85: 1390 | D85: =A106 -> Satyanarayana Poultries _x000D_ | E85: =B106 -> 10049.54 | J85: Sakshi Poultry Feed & Farms | K85: 58076.4
A86: M S Feeds | B86: 72000 | D86: =A107 -> Sekhar poultry Farm | E86: =B107 -> 188002 | J86: S S Poultries | K86: 4500
A87: Sakshi Poultry Feed & Farms | B87: 58076.4 | D87: =A108 -> Sribala Balaji Srinivasa PF | E87: =B108 -> 46604 | J87: Srinivasa Poultry Farm | K87: 9454.94
A88: Sana Feeds | B88: 5000 | D88: =A109 -> Sri Devi Durga Poultry Farm | E88: =B109 -> 7965 | J88: Harish Poultry Farm | K88: 1647878
A89: S K R Trading | B89: 16425 | D89: =A110 -> Sri Gayathri Poultry Farm | E89: =B110 -> 6613 | J89: Grand Total | K89: =SUM(K4:K88) -> 4768853.6
A90: VPF FEEDS | B90: 2500 | D90: =A111 -> Sri Lakshmi Sai Poultry Farm | E90: =B111 -> 624
B91: =SUM(B84:B90) -> 157941.4 | D91: =A112 -> Sri Sai Harsha Poultry Farm | E91: =B112 -> 18876
A92: Suguna | D92: =A113 -> Sri Satya Poultries | E92: =B113 -> 1074.52
A93: Foodbank Feeds | B93: 82000 | D93: =A114 -> Sri Venkataramana poultries | E93: =B114 -> 984
A94: Haritha Agencies | B94: 447300 | D94: =A115 -> Sri Venkateshwara Poultry Farm_x000D_ | E94: =B115 -> 11349.5
B95: =SUM(B93:B94) -> 529300 | D95: =A116 -> Sri Venkateswara Poultry Farm | E95: =B116 -> 50700.6 | J95: =E100-K89 -> 633754.3
A96: VJD | D96: =A117 -> Venkata Krishna Poultry Farms | E96: =B117 -> 27988.98
A97: Ali poultry farms | B97: 1500 | D97: =A118 -> Venkateshwara Poultry Farm, Arathamuru | E97: =B118 -> 9581
A98: Bharat Poultry Farms | B98: 53814 | D98: =A122 -> S S Poultries | E98: =B122 -> 4500
A99: Devi Poultry Farm | B99: 11006.95 | D99: =A123 -> Vivo Enterprises | E99: =B123 -> 5869.99
A100: G.V.Soma Raju Poultry Farm | B100: 12214.54 | E100: =SUM(E4:E99) -> 5402607.9
A101: MDR Poultry Farm | B101: 18170
...

Sheet Dileep & Team
B1: =A3 -> Adarsh | C1: SD Ageing Report as of 31/07/2026
A2: ASM | B2: Particulars | C2: Pending Bills | D2: (< 15 days ) | E2: 15 to 30 days | F2: 30 to 45 days | G2: 45 to 60 days | H2: 60 to 90 days | I2: 90 to 180 days | J2: 180 to 365 days | K2: 365 to 730 days | L2: (> 730 days ) | N2: Bal as on 30.06.2026 | O2: Remarks on 07/07/2026
A3: Adarsh | B3: Haritha Agencies | C3: 430700 | D3: 430700 | E3: 0 | F3: 0 | G3: 0 | H3: 0 | I3: 0 | J3: 0 | K3: 0 | L3: 0
A4: Adarsh | B4: Ras Traders | C4: 190900 | D4: 0 | E4: 0 | F4: 0 | G4: 190900 | H4: 0 | I4: 0 | J4: 0 | K4: 0 | L4: 0 | N4: 340900
A5: Adarsh | B5: Royal Traders | C5: 475 | D5: 0 | E5: 0 | F5: 0 | G5: 475 | H5: 0 | I5: 0 | J5: 0 | K5: 0 | L5: 0
B6: Total | C6: =SUBTOTAL(109,Table2[Pending Bills]) -> 622075 | D6: =SUBTOTAL(109,Table2[(< 15 days )]) -> 430700 | E6: =SUBTOTAL(109,Table2[15 to 30 days]) -> 0 | F6: =SUBTOTAL(109,Table2[30 to 45 days]) -> 0 | G6: =SUBTOTAL(109,Table2[45 to 60 days]) -> 191375 | H6: =SUBTOTAL(109,Table2[60 to 90 days]) -> 0 | I6: =SUBTOTAL(109,Table2[90 to 180 days]) -> 0 | J6: =SUBTOTAL(109,Table2[180 to 365 days]) -> 0 | K6: =SUBTOTAL(109,Table2[365 to 730 days]) -> 0 | L6: =SUBTOTAL(109,Table2[(> 730 days )]) -> 0
B8: =A10 -> Nebu John | C8: SD Ageing Report as of 31/07/2026
A9: ASM | B9: Particulars | C9: Pending Bills | D9: (< 15 days ) | E9: 15 to 30 days | F9: 30 to 45 days | G9: 45 to 60 days | H9: 60 to 90 days | I9: 90 to 180 days | J9: 180 to 365 days | K9: 365 to 730 days | L9: (> 730 days ) | N9: Bal as on 30.06.2026 | O9: Remarks on 07/07/2026
A10: Nebu John | B10: Bismillah Feeds | C10: 3013130 | D10: 572360 | E10: 2440770 | F10: 0 | G10: 0 | H10: 0 | I10: 0 | J10: 0 | K10: 0 | L10: 0 | N10: 4203202.4 | O10: Below 30 days by 31/07
A11: Nebu John | B11: Bismillah Feeds | C11: 2893087.4 | D11: 0 | E11: 2893087.4 | F11: 0 | G11: 0 | H11: 0 | I11: 0 | J11: 0 | K11: 0 | L11: 0 | N11: 1585361 | O11: Below 30 days by 31/07
A12: Nebu John | B12: J K Agencies | C12: 1311295 | D12: 0 | E12: 1311295 | F12: 0 | G12: 0 | H12: 0 | I12: 0 | J12: 0 | K12: 0 | L12: 0 | O12: Bring below 150 and below 30 days
A13: Nebu John | B13: J K Agencies | C13: 9289726 | D13: 9289726 | E13: 0 | F13: 0 | G13: 0 | H13: 0 | I13: 0 | J13: 0 | K13: 0 | L13: 0 | N13: 11675425 | O13: Bring below 150 and below 30 days
A14: Nebu John | B14: M S Feeds | C14: 3252785 | D14: 3252785 | E14: 0 | F14: 0 | G14: 0 | H14: 0 | I14: 0 | J14: 0 | K14: 0 | L14: 0 | N14: 2270250
A15: Nebu John | B15: Matha Agencies | C15: 5070634 | D15: 1514350 | E15: 3556284 | F15: 0 | G15: 0 | H15: 0 | I15: 0 | J15: 0 | K15: 0 | L15: 0 | N15: 5811240 | O15: Bring below 150 and below 30 days
A16: Nebu John | B16: MPM Agencies | C16: 96900 | D16: 96900 | E16: 0 | F16: 0 | G16: 0 | H16: 0 | I16: 0 | J16: 0 | K16: 0 | L16: 0
A17: Nebu John | B17: Quality Feeds | C17: 234300 | D17: 234300 | E17: 0 | F17: 0 | G17: 0 | H17: 0 | I17: 0 | J17: 0 | K17: 0 | L17: 0
A18: Nebu John | B18: Quality Feeds | C18: 2430726 | D18: 2430726 | E18: 0 | F18: 0 | G18: 0 | H18: 0 | I18: 0 | J18: 0 | K18: 0 | L18: 0 | N18: 2527976
B19: Total | C19: =SUBTOTAL(109,C10:C18) -> 27592583 | D19: =SUBTOTAL(109,D10:D18) -> 17391147 | E19: =SUBTOTAL(109,E10:E18) -> 10201436 | F19: =SUBTOTAL(109,F10:F18) -> 0 | G19: =SUBTOTAL(109,G10:G18) -> 0 | H19: =SUBTOTAL(109,H10:H18) -> 0 | I19: =SUBTOTAL(109,I10:I18) -> 0 | J19: =SUBTOTAL(109,J10:J18) -> 0 | ... L19: =SUBTOTAL(109,L10:L18) -> 0
B21: =A23 -> Raja Kumar | C21: SD Ageing Report as of 31/07/2026
A22: ASM | B22: Particulars | C22: Pending Bills | D22: (< 15 days ) | E22: 15 to 30 days | F22: 30 to 45 days | G22: 45 to 60 days | H22: 60 to 90 days | I22: 90 to 180 days | J22: 180 to 365 days | K22: 365 to 730 days | L22: (> 730 days ) | N22: Bal as on 30.06.2026 | O22: Remarks on 07/07/2026
A23: Raja Kumar | B23: Rishan Exporters | C23: 3484675 | D23: 3484675 | E23: 0 | F23: 0 | G23: 0 | H23: 0 | I23: 0 | J23: 0 | K23: 0 | L23: 0 | N23: 5105419
A24: Raja Kumar | B24: Rishan Exporters | C24: 3159329 | D24: 3159329 | E24: 0 | F24: 0 | G24: 0 | H24: 0 | I24: 0 | J24: 0 | K24: 0 | L24: 0 | N24: 2055335
A25: Raja Kumar | B25: S I T Agencies | C25: 832050 | D25: 0 | E25: 0 | F25: 0 | G25: 668100 | H25: 0 | I25: 163950 | J25: 0 | K25: 0 | L25: 0 | N25: 2820811
A26: Raja Kumar | B26: S I T Agencies | C26: 2685011 | D26: 0 | E26: 683100 | F26: 0 | G26: 892375 | H26: 1109536 | I26: 0 | J26: 0 | K26: 0 | L26: 0 | N26: 1032050 | O26: 12.5 L before Jul end.
B27: Total | C27: =SUBTOTAL(109,C23:C26) -> 10161065 | D27: =SUBTOTAL(109,D23:D26) -> 6644004 | E27: =SUBTOTAL(109,E23:E26) -> 683100 | F27: =SUBTOTAL(109,F23:F26) -> 0 | G27: =SUBTOTAL(109,G23:G26) -> 1560475 | H27: =SUBTOTAL(109,H23:H26) -> 1109536 | I27: =SUBTOTAL(109,I23:I26) -> 163950 | J27: =SUBTOTAL(109,J23:J26) -> 0 | ... L27: =SUBTOTAL(109,L23:L26) -> 0
B29: Grand Total | C29: =+C27+C19+Table2[[#Totals],[Pending Bills]] -> 38375723 | D29: =+D27+D19+Table2[[#Totals],[(< 15 days )]] -> 24465851 | E29: =+E27+E19+Table2[[#Totals],[15 to 30 days]] -> 10884536 | F29: =+F27+F19+Table2[[#Totals],[30 to 45 days]] -> 0 | G29: =+G27+G19+Table2[[#Totals],[45 to 60 days]] -> 1751850 | H29: =+H27+H19+Table2[[#Totals],[60 to 90 days]] -> 1109536 | I29: =+I27+I19+Table2[[#Totals],[90 to 180 days]] -> 163950 | J29: =+J27+J19+Table2[[#Totals],[180 to 365 days]] -> 0 | K29: =+K27+K19+Table2[[#Totals],[365 to 730 days]] -> 0 | L29: =+L27+L19+Table2[[#Totals],[(> 730 days )]] -> 0 | N29: =SUM(N4:N27) -> 39427969

Sheet Ashok & Team
B1: =+A3 -> Ashok | C1: SD Ageing Report as of 31/07/2026
A2: ASM | B2: Particulars | C2: Pending Bills | D2: (< 15 days ) | E2: 15 to 30 days | F2: 30 to 45 days | G2: 45 to 60 days | H2: 60 to 90 days | I2: 90 to 180 days | J2: 180 to 365 days | K2: 365 to 730 days | L2: (> 730 days ) | N2: Bal as on 30.06.2026 | O2: Remarks on 06/07/2026
A3: Ashok | B3: Lotus Enterprises | C3: =5607262.15-135000 -> 5472262.2 | D3: 4005000 | E3: 1235900 | F3: =366362.15-135000 -> 231362.15 | G3: 0 | H3: 0 | I3: 0 | J3: 0 | K3: 0 | L3: 0 | N3: 4966362.2
A4: Ashok | B4: Shree Agencies | C4: 5742269.8 | D4: 5742269.8 | E4: 0 | F4: 0 | G4: 0 | H4: 0 | I4: 0 | J4: 0 | K4: 0 | L4: 0 | N4: 5490716.6
A5: Ashok | B5: Snehith Reddy Poultry And Feeds | C5: 812230.48 | D5: 812230.48 | E5: 0 | F5: 0 | G5: 0 | H5: 0 | I5: 0 | J5: 0 | K5: 0 | L5: 0 | N5: 1621083.3
B6: Total | C6: =SUBTOTAL(109,Table5[Pending Bills]) -> 12026762 | D6: =SUBTOTAL(109,Table5[(< 15 days )]) -> 10559500 | E6: =SUBTOTAL(109,Table5[15 to 30 days]) -> 1235900 | F6: =SUBTOTAL(109,Table5[30 to 45 days]) -> 231362.15 | G6: =SUBTOTAL(109,Table5[45 to 60 days]) -> 0 | H6: =SUBTOTAL(109,Table5[60 to 90 days]) -> 0 | I6: =SUBTOTAL(109,Table5[90 to 180 days]) -> 0 | J6: =SUBTOTAL(109,Table5[180 to 365 days]) -> 0 | K6: =SUBTOTAL(109,Table5[365 to 730 days]) -> 0 | L6: =SUBTOTAL(109,Table5[(> 730 days )]) -> 0
B8: =+A10 -> Bandaru Balaji | C8: SD Ageing Report as of 31/07/2026
A9: ASM | B9: Particulars | C9: Pending Bills | D9: (< 15 days ) | E9: 15 to 30 days | F9: 30 to 45 days | G9: 45 to 60 days | H9: 60 to 90 days | I9: 90 to 180 days | J9: 180 to 365 days | K9: 365 to 730 days | L9: (> 730 days ) | N9: Bal as on 30.06.2026 | O9: Remarks on 06/07/2026
A10: Bandaru Balaji | B10: Dhanalakshmi poultry farm | C10: 319.65 | D10: 319.65 | E10: 0 | F10: 0 | G10: 0 | H10: 0 | I10: 0 | J10: 0 | K10: 0 | L10: 0
A11: Bandaru Balaji | B11: Sri Parameshwari Broiler Poultry Farm & Feeds | C11: 496246.81 | D11: 496246.81 | E11: 0 | F11: 0 | G11: 0 | H11: 0 | I11: 0 | J11: 0 | K11: 0 | L11: 0
A12: Bandaru Balaji | B12: Sri Parameshwari Broiler Poultry Farm & Feeds | C12: 417103 | D12: 417103 | E12: 0 | F12: 0 | G12: 0 | H12: 0 | I12: 0 | J12: 0 | K12: 0 | L12: 0 | N12: 52787.16
B13: Total | C13: =SUBTOTAL(109,Table6[Pending Bills]) -> 913669.46 | D13: =SUBTOTAL(109,Table6[(< 15 days )]) -> 913669.46 | E13: =SUBTOTAL(109,Table6[15 to 30 days]) -> 0 | F13: =SUBTOTAL(109,Table6[30 to 45 days]) -> 0 | G13: =SUBTOTAL(109,Table6[45 to 60 days]) -> 0 | H13: =SUBTOTAL(109,Table6[60 to 90 days]) -> 0 | I13: =SUBTOTAL(109,Table6[90 to 180 days]) -> 0 | J13: =SUBTOTAL(109,Table6[180 to 365 days]) -> 0 | K13: =SUBTOTAL(109,Table6[365 to 730 days]) -> 0 | L13: =SUBTOTAL(109,Table6[(> 730 days )]) -> 0
B15: =+A17 -> Karre Narasimha | C15: SD Ageing Report as of 31/07/2026
A16: ASM | B16: Particulars | C16: Pending Bills | D16: (< 15 days ) | E16: 15 to 30 days | F16: 30 to 45 days | G16: 45 to 60 days | H16: 60 to 90 days | I16: 90 to 180 days | J16: 180 to 365 days | K16: 365 to 730 days | L16: (> 730 days ) | N16: Bal as on 30.06.2026 | O16: Remarks on 06/07/2026
A17: Karre Narasimha | B17: K P R fresh products | C17: 72657.64 | D17: 0 | E17: 0 | F17: 0 | G17: 0 | H17: 0 | I17: 0 | J17: 0 | K17: 72657.64 | L17: 0 | N17: 72657.64 | O17: Wl collect before 10th Jul
A18: Karre Narasimha | B18: Kishan poultry society | C18: 340 | D18: 340 | E18: 0 | F18: 0 | G18: 0 | H18: 0 | I18: 0 | J18: 0 | K18: 0 | L18: 0
A19: Karre Narasimha | B19: Mallikharjuna Rao Poultry Farm | C19: 700 | D19: 0 | E19: 0 | F19: 0 | G19: 0 | H19: 0 | I19: 700 | J19: 0 | K19: 0 | L19: 0 | N19: 13000
A20: Karre Narasimha | B20: Narender Reddy poultry farms | C20: 5200 | D20: 0 | E20: 5200 | F20: 0 | G20: 0 | H20: 0 | I20: 0 | J20: 0 | K20: 0 | L20: 0
B21: Total | C21: =SUBTOTAL(109,Table7[Pending Bills]) -> 78897.64 | D21: =SUBTOTAL(109,Table7[(< 15 days )]) -> 340 | E21: =SUBTOTAL(109,Table7[15 to 30 days]) -> 5200 | F21: =SUBTOTAL(109,Table7[30 to 45 days]) -> 0 | G21: =SUBTOTAL(109,Table7[45 to 60 days]) -> 0 | H21: =SUBTOTAL(109,Table7[60 to 90 days]) -> 0 | I21: =SUBTOTAL(109,Table7[90 to 180 days]) -> 700 | J21: =SUBTOTAL(109,Table7[180 to 365 days]) -> 0 | K21: =SUBTOTAL(109,Table7[365 to 730 days]) -> 72657.64 | L21: =SUBTOTAL(109,Table7[(> 730 days )]) -> 0
B23: =A25 -> N. Srinivas | C23: SD Ageing Report as of 31/07/2026
A24: ASM | B24: Particulars | C24: Pending Bills | D24: (< 15 days ) | E24: 15 to 30 days | F24: 30 to 45 days | G24: 45 to 60 days | H24: 60 to 90 days | I24: 90 to 180 days | J24: 180 to 365 days | K24: 365 to 730 days | L24: (> 730 days ) | N24: Bal as on 30.06.2026 | O24: Remarks on 06/07/2026
A25: N. Srinivas | B25: M/s Excel Poultry | C25: 60000 | D25: 0 | E25: 60000 | F25: 0 | G25: 0 | H25: 0 | I25: 0 | J25: 0 | K25: 0 | L25: 0
A26: N. Srinivas | B26: Masthan Poultry Farms | C26: 198547.2 | D26: 0 | E26: 0 | F26: 0 | G26: 0 | H26: 0 | I26: 0 | J26: 198547.2 | K26: 0 | L26: 0 | N26: 198547.2
A27: N. Srinivas | B27: Sri sreshta Poultries and feed | C27: 709.98 | D27: 0 | E27: 0 | F27: 0 | G27: 0 | H27: 0 | I27: 709.98 | J27: 0 | K27: 0 | L27: 0 | N27: 709.98
A28: N. Srinivas | B28: Vignan Organics | C28: 24976.91 | D28: 24976.91 | E28: 0 | F28: 0 | G28: 0 | H28: 0 | I28: 0 | J28: 0 | K28: 0 | L28: 0 | N28: 38273.71
C29: =SUBTOTAL(109,Table8[Pending Bills]) -> 284234.09 | D29: =SUBTOTAL(109,Table8[(< 15 days )]) -> 24976.91 | E29: =SUBTOTAL(109,Table8[15 to 30 days]) -> 60000 | F29: =SUBTOTAL(109,Table8[30 to 45 days]) -> 0 | G29: =SUBTOTAL(109,Table8[45 to 60 days]) -> 0 | H29: =SUBTOTAL(109,Table8[60 to 90 days]) -> 0 | I29: =SUBTOTAL(109,Table8[90 to 180 days]) -> 709.98 | J29: =SUBTOTAL(109,Table8[180 to 365 days]) -> 198547.2 | K29: =SUBTOTAL(109,Table8[365 to 730 days]) -> 0 | L29: =SUBTOTAL(109,Table8[(> 730 days )]) -> 0
B31: =+A33 -> Seetharam | C31: SD Ageing Report as of 31/07/2026
A32: ASM | B32: Particulars | C32: Pending Bills | D32: (< 15 days ) | E32: 15 to 30 days | F32: 30 to 45 days | G32: 45 to 60 days | H32: 60 to 90 days | I32: 90 to 180 days | J32: 180 to 365 days | K32: 365 to 730 days | L32: (> 730 days ) | N32: Bal as on 30.06.2026 | O32: Remarks on 06/07/2026
A33: Seetharam | B33: Abhayanjaneya Poultry Trader's | C33: 2991683 | D33: 2991683 | E33: 0 | F33: 0 | G33: 0 | H33: 0 | I33: 0 | J33: 0 | K33: 0 | L33: 0 | N33: 2602193
A34: Seetharam | B34: Sai Poultries | C34: 1881315 | D34: 436000 | E34: 0 | F34: 0 | G34: 764500 | H34: 480150 | I34: 0 | J34: 200665 | K34: 0 | L34: 0 | N34: 1895315
A35: Seetharam | B35: Siva Poultries | C35: 1842785 | D35: 0 | E35: 0 | F35: 0 | G35: 0 | H35: 0 | I35: 0 | J35: 1842785 | K35: 0 | L35: 0 | N35: 1842785 | O35: Recd 3 Lakhs balance within one Week and PDC
A36: Seetharam | B36: Sri Devi Poutry Farm, Narasaraopete | C36: 1403517.6 | D36: 537279.4 | E36: 866238.15 | F36: 0 | G36: 0 | H36: 0 | I36: 0 | J36: 0 | K36: 0 | L36: 0
A37: Seetharam | B37: Sri Devi Poutry Farm, Narasaraopete | C37: 1582237.2 | D37: 1582237.2 | E37: 0 | F37: 0 | G37: 0 | H37: 0 | I37: 0 | J37: 0 | K37: 0 | L37: 0 | N37: 2738610.1
A38: Seetharam | B38: Venkateswara Rao Poultry Farm | C38: 1468223 | D38: 0 | E38: 0 | F38: 0 | G38: 0 | H38: 0 | I38: 0 | J38: 0 | K38: 1468223 | L38: 0 | N38: 1468223
C39: =SUBTOTAL(109,Table9[Pending Bills]) -> 11169761 | D39: =SUBTOTAL(109,Table9[(< 15 days )]) -> 5547199.6 | E39: =SUBTOTAL(109,Table9[15 to 30 days]) -> 866238.15 | F39: =SUBTOTAL(109,Table9[30 to 45 days]) -> 0 | G39: =SUBTOTAL(109,Table9[45 to 60 days]) -> 764500 | H39: =SUBTOTAL(109,Table9[60 to 90 days]) -> 480150 | I39: =SUBTOTAL(109,Table9[90 to 180 days]) -> 0 | J39: =SUBTOTAL(109,Table9[180 to 365 days]) -> 2043450 | K39: =SUBTOTAL(109,Table9[365 to 730 days]) -> 1468223 | L39: =SUBTOTAL(109,Table9[(> 730 days )]) -> 0
B41: Grand Total | C41: =+Table9[[#Totals],[Pending Bills]]+Table8[[#Totals],[Pending Bills]]+Table7[[#Totals],[Pending Bills]]+Table6[[#Totals],[Pending Bills]]+Table5[[#Totals],[Pending Bills]] -> 24473324 | D41: =+Table9[[#Totals],[(< 15 days )]]+Table8[[#Totals],[(< 15 days )]]+Table7[[#Totals],[(< 15 days )]]+Table6[[#Totals],[(< 15 days )]]+Table5[[#Totals],[(< 15 days )]] -> 17045686 | E41: =+Table9[[#Totals],[15 to 30 days]]+Table8[[#Totals],[15 to 30 days]]+Table7[[#Totals],[15 to 30 days]]+Table6[[#Totals],[15 to 30 days]]+Table5[[#Totals],[15 to 30 days]] -> 2167338.1 | F41: =+Table9[[#Totals],[30 to 45 days]]+Table8[[#Totals],[30 to 45 days]]+Table7[[#Totals],[30 to 45 days]]+Table6[[#Totals],[30 to 45 days]]+Table5[[#Totals],[30 to 45 days]] -> 231362.15 | G41: =+Table9[[#Totals],[45 to 60 days]]+Table8[[#Totals],[45 to 60 days]]+Table7[[#Totals],[45 to 60 days]]+Table6[[#Totals],[45 to 60 days]]+Table5[[#Totals],[45 to 60 days]] -> 764500 | H41: =+Table9[[#Totals],[60 to 90 days]]+Table8[[#Totals],[60 to 90 days]]+Table7[[#Totals],[60 to 90 days]]+Table6[[#Totals],[60 to 90 days]]+Table5[[#Totals],[60 to 90 days]] -> 480150 | I41: =+Table9[[#Totals],[90 to 180 days]]+Table8[[#Totals],[90 to 180 days]]+Table7[[#Totals],[90 to 180 days]]+Table6[[#Totals],[90 to 180 days]]+Table5[[#Totals],[90 to 180 days]] -> 1409.98 | J41: =+Table9[[#Totals],[180 to 365 days]]+Table8[[#Totals],[180 to 365 days]]+Table7[[#Totals],[180 to 365 days]]+Table6[[#Totals],[180 to 365 days]]+Table5[[#Totals],[180 to 365 days]] -> 2241997.2 | K41: =+Table9[[#Totals],[365 to 730 days]]+Table8[[#Totals],[365 to 730 days]]+Table7[[#Totals],[365 to 730 days]]+Table6[[#Totals],[365 to 730 days]]+Table5[[#Totals],[365 to 730 days]] -> 1540880.6 | L41: =+Table9[[#Totals],[(> 730 days )]]+Table8[[#Totals],[(> 730 days )]]+Table7[[#Totals],[(> 730 days )]]+Table6[[#Totals],[(> 730 days )]]+Table5[[#Totals],[(> 730 days )]] -> 0 | N41: =SUM(N3:N40) -> 23001264

Sheet G Chandrashekar 
B1: =+A3 -> G Chandra Sekhar | C1: SD Ageing Report as of 31/07/2026
A2: ASM | B2: Particulars | C2: Pending Bills | D2: (< 15 days ) | E2: 15 to 30 days | F2: 30 to 45 days | G2: 45 to 60 days | H2: 60 to 90 days | I2: 90 to 180 days | J2: 180 to 365 days | K2: 365 to 730 days | L2: (> 730 days )
A3: G Chandra Sekhar | B3: Balaji Poultry Farm | C3: 4000 | D3: 4000 | E3: 0 | F3: 0 | G3: 0 | H3: 0 | I3: 0 | J3: 0 | K3: 0 | L3: 0
A4: G Chandra Sekhar | B4: M/s Sri Guru Poultry Farm | C4: 28200 | D4: 0 | E4: 0 | F4: 0 | G4: 0 | H4: 0 | I4: 28200 | J4: 0 | K4: 0 | L4: 0
A5: G Chandra Sekhar | B5: Obulesh poultry Farm | C5: 65500 | D5: 0 | E5: 65500 | F5: 0 | G5: 0 | H5: 0 | I5: 0 | J5: 0 | K5: 0 | L5: 0
A6: G Chandra Sekhar | B6: Sri Laxmi Narasimha Poultry Farms | C6: 500 | D6: 0 | E6: 500 | F6: 0 | G6: 0 | H6: 0 | I6: 0 | J6: 0 | K6: 0 | L6: 0
A7: G Chandra Sekhar | B7: Srinivasulareddy palakolanu | C7: 10000 | D7: 10000 | E7: 0 | F7: 0 | G7: 0 | H7: 0 | I7: 0 | J7: 0 | K7: 0 | L7: 0
A8: G Chandra Sekhar | B8: T Nadipi Gurrappa | C8: 100309 | D8: 100309 | E8: 0 | F8: 0 | G8: 0 | H8: 0 | I8: 0 | J8: 0 | K8: 0 | L8: 0
A9: G Chandra Sekhar | B9: Umamaheshwara Poultry Farm | C9: 15925 | D9: 0 | E9: 15925 | F9: 0 | G9: 0 | H9: 0 | I9: 0 | J9: 0 | K9: 0 | L9: 0
A10: G Chandra Sekhar | B10: Yousuf Pf kaddirampur Hampi | C10: 30607 | D10: 30607 | E10: 0 | F10: 0 | G10: 0 | H10: 0 | I10: 0 | J10: 0 | K10: 0 | L10: 0
B11: Grand Total | C11: =SUBTOTAL(109,Table10[Pending Bills]) -> 255041 | D11: =SUBTOTAL(109,Table10[(< 15 days )]) -> 144916 | E11: =SUBTOTAL(109,Table10[15 to 30 days]) -> 81925 | F11: =SUBTOTAL(109,Table10[30 to 45 days]) -> 0 | G11: =SUBTOTAL(109,Table10[45 to 60 days]) -> 0 | H11: =SUBTOTAL(109,Table10[60 to 90 days]) -> 0 | I11: =SUBTOTAL(109,Table10[90 to 180 days]) -> 28200 | J11: =SUBTOTAL(109,Table10[180 to 365 days]) -> 0 | K11: =SUBTOTAL(109,Table10[365 to 730 days]) -> 0 | L11: =SUBTOTAL(109,Table10[(> 730 days )]) -> 0

Sheet Gouse
B1: =+A3 -> Gouse | C1: SD Ageing Report as of 31/07/2026
A2: ASM | B2: Particulars | C2: Pending Bills | D2: (< 15 days ) | E2: 15 to 30 days | F2: 30 to 45 days | G2: 45 to 60 days | H2: 60 to 90 days | I2: 90 to 180 days | J2: 180 to 365 days | K2: 365 to 730 days | L2: (> 730 days )
A3: Gouse | B3: Aarna Traders | C3: 82308.51 | D3: 0 | E3: 0 | F3: 0 | G3: 0 | H3: 0 | I3: 0 | J3: 0 | K3: 82308.51 | L3: 0
A4: Gouse | B4: Devi Prasuna Poultry Farm | C4: 347424.28 | D4: 0 | E4: 0 | F4: 0 | G4: 0 | H4: 0 | I4: 0 | J4: 0 | K4: 0 | L4: 347424.28
A5: Gouse | B5: K V R Poultry Farm | C5: 202127 | D5: 0 | E5: 0 | F5: 0 | G5: 0 | H5: 0 | I5: 0 | J5: 0 | K5: 0 | L5: 202127
A6: Gouse | B6: Lakshmi Poultry, Vadluru | C6: 35337.16 | D6: 35337.16 | E6: 0 | F6: 0 | G6: 0 | H6: 0 | I6: 0 | J6: 0 | K6: 0 | L6: 0
A7: Gouse | B7: M Janaki Surya Narayana Raju | C7: 1277286.7 | D7: 863277.11 | E7: 0 | F7: 0 | G7: 0 | H7: 363087.7 | I7: 0 | J7: 50921.93 | K7: 0 | L7: 0
A8: Gouse | B8: M Sathyavathi | C8: 480720.83 | D8: 0 | E8: 0 | F8: 480720.83 | G8: 0 | H8: 0 | I8: 0 | J8: 0 | K8: 0 | L8: 0
A9: Gouse | B9: MNVSN Raju Poultry Farm | C9: 775240.52 | D9: 0 | E9: 775240.52 | F9: 0 | G9: 0 | H9: 0 | I9: 0 | J9: 0 | K9: 0 | L9: 0
A10: Gouse | B10: Poorna Chandra Poultry Farm | C10: 613527.79 | D10: 0 | E10: 0 | F10: 0 | G10: 155541.9 | H10: 0 | I10: 457985.89 | J10: 0 | K10: 0 | L10: 0
A11: Gouse | B11: RKR Poultry Farm | C11: 343860 | D11: 0 | E11: 0 | F11: 0 | G11: 0 | H11: 0 | I11: 0 | J11: 0 | K11: 0 | L11: 343860
A12: Gouse | B12: S D Reshma poultry farm | C12: 5845.23 | D12: 0 | E12: 0 | F12: 0 | G12: 0 | H12: 0 | I12: 0 | J12: 0 | K12: 5845.23 | L12: 0
A13: Gouse | B13: S V J Poultry Farm | C13: 313324.14 | D13: 0 | E13: 0 | F13: 0 | G13: 0 | H13: 0 | I13: 0 | J13: 0 | K13: 313324.14 | L13: 0
A14: Gouse | B14: Simhadri Srinivasa Rao _x000D_ | C14: 650299 | D14: 0 | E14: 0 | F14: 0 | G14: 0 | H14: 0 | I14: 0 | J14: 0 | K14: 0 | L14: 650299
... A19: Gouse | B19: VVS Muralidhara Poultry Farm | C19: 25048 | D19: 0 | E19: 0 | F19: 0 | G19: 0 | H19: 0 | I19: 0 | J19: 0 | K19: 0 | L19: 25048
B20: Grand Total | C20: =SUBTOTAL(109,Table14[Pending Bills]) -> 6406802 | D20: =SUBTOTAL(109,Table14[(< 15 days )]) -> 1443453.6 | E20: =SUBTOTAL(109,Table14[15 to 30 days]) -> 775240.52 | F20: =SUBTOTAL(109,Table14[30 to 45 days]) -> 939289.4 | G20: =SUBTOTAL(109,Table14[45 to 60 days]) -> 155541.9 | H20: =SUBTOTAL(109,Table14[60 to 90 days]) -> 363087.7 | I20: =SUBTOTAL(109,Table14[90 to 180 days]) -> 457985.89 | J20: =SUBTOTAL(109,Table14[180 to 365 days]) -> 102130.78 | K20: =SUBTOTAL(109,Table14[365 to 730 days]) -> 401477.88 | L20: =SUBTOTAL(109,Table14[(> 730 days )]) -> 1768594.3

Sheet Lavanyakumar
B1: =+A3 -> Lavanya | C1: SD Ageing Report as of 31/07/2026
A2: ASM | B2: Particulars | C2: Pending Bills | D2: (< 15 days ) | E2: 15 to 30 days | F2: 30 to 45 days | G2: 45 to 60 days | H2: 60 to 90 days | I2: 90 to 180 days | J2: 180 to 365 days | K2: 365 to 730 days | L2: (> 730 days )
A3: Lavanya | B3: Buruju Gangamma Poultry Farm | C3: 503397 | D3: 503397 | E3: 0 | F3: 0 | G3: 0 | H3: 0 | I3: 0 | J3: 0 | K3: 0 | L3: 0
A4: Lavanya | B4: Buruju Gangamma Poultry Farm | C4: 1155050 | D4: 1155050 | E4: 0 | F4: 0 | G4: 0 | H4: 0 | I4: 0 | J4: 0 | K4: 0 | L4: 0
B5: Grand Total | C5: =SUBTOTAL(109,Table15[Pending Bills]) -> 1658447 | D5: =SUBTOTAL(109,Table15[(< 15 days )]) -> 1658447 | E5: =SUBTOTAL(109,Table15[15 to 30 days]) -> 0 | F5: =SUBTOTAL(109,Table15[30 to 45 days]) -> 0 | G5: =SUBTOTAL(109,Table15[45 to 60 days]) -> 0 | H5: =SUBTOTAL(109,Table15[60 to 90 days]) -> 0 | I5: =SUBTOTAL(109,Table15[90 to 180 days]) -> 0 | J5: =SUBTOTAL(109,Table15[180 to 365 days]) -> 0 | K5: =SUBTOTAL(109,Table15[365 to 730 days]) -> 0 | L5: =SUBTOTAL(109,Table15[(> 730 days )]) -> 0

Sheet Ranjith G S
B1: =+A3 -> Ranjith | C1: SD Ageing Report as of 31/07/2026
A2: ASM | B2: Particulars | C2: Pending Bills | D2: (< 15 days ) | E2: 15 to 30 days | F2: 30 to 45 days | G2: 45 to 60 days | H2: 60 to 90 days | I2: 90 to 180 days | J2: 180 to 365 days | K2: 365 to 730 days | L2: (> 730 days )
A3: Ranjith | B3: Jaya Kumar Poultry Farm | C3: 2738425 | D3: 2738425 | E3: 0 | F3: 0 | G3: 0 | H3: 0 | I3: 0 | J3: 0 | K3: 0 | L3: 0
A4: Ranjith | B4: Jaya Kumar Poultry Farm | C4: 1086175 | D4: 1086175 | E4: 0 | F4: 0 | G4: 0 | H4: 0 | I4: 0 | J4: 0 | K4: 0 | L4: 0
A5: Ranjith | B5: Om Sai Ram | C5: 14565 | D5: 0 | E5: 14565 | F5: 0 | G5: 0 | H5: 0 | I5: 0 | J5: 0 | K5: 0 | L5: 0
B6: Grand Total | C6: =SUBTOTAL(109,Table19[Pending Bills]) -> 3839165 | D6: =SUBTOTAL(109,Table19[(< 15 days )]) -> 3824600 | E6: =SUBTOTAL(109,Table19[15 to 30 days]) -> 14565 | F6: =SUBTOTAL(109,Table19[30 to 45 days]) -> 0 | G6: =SUBTOTAL(109,Table19[45 to 60 days]) -> 0 | H6: =SUBTOTAL(109,Table19[60 to 90 days]) -> 0 | I6: =SUBTOTAL(109,Table19[90 to 180 days]) -> 0 | J6: =SUBTOTAL(109,Table19[180 to 365 days]) -> 0 | K6: =SUBTOTAL(109,Table19[365 to 730 days]) -> 0 | L6: =SUBTOTAL(109,Table19[(> 730 days )]) -> 0

Sheet Mahendra Rao
B1: =+A3 -> Mahendra | C1: SD Ageing Report as of 31/07/2026
A2: ASM | B2: Particulars | C2: Pending Bills | D2: (< 15 days ) | E2: 15 to 30 days | F2: 30 to 45 days | G2: 45 to 60 days | H2: 60 to 90 days | I2: 90 to 180 days | J2: 180 to 365 days | K2: 365 to 730 days | L2: (> 730 days )
A3: Mahendra | B3: Pratham Distributors | C3: 1319600 | D3: 1316500 | E3: 0 | F3: 3100 | G3: 0 | H3: 0 | I3: 0 | J3: 0 | K3: 0 | L3: 0
A4: Mahendra | B4: Shri Hiranyakeshi Feeds and Farms Pvt Ltd | C4: 342500 | D4: 342500 | E4: 0 | F4: 0 | G4: 0 | H4: 0 | I4: 0 | J4: 0 | K4: 0 | L4: 0
A5: Mahendra | B5: SLV Poultry Farm | C5: 5950 | D5: 0 | E5: 5950 | F5: 0 | G5: 0 | H5: 0 | I5: 0 | J5: 0 | K5: 0 | L5: 0
A6: Mahendra | B6: Sun Biotic | C6: 582341 | D6: 0 | E6: 0 | F6: 0 | G6: 0 | H6: 0 | I6: 0 | J6: 0 | K6: 66817 | L6: 515524
A7: Mahendra | B7: Sun Biotic | C7: 2801980.2 | D7: 0 | E7: 0 | F7: 77825 | G7: 0 | H7: 0 | I7: 468450 | J7: 1196972.2 | K7: 1058733 | L7: 0
B8: Grand Total | C8: =SUBTOTAL(109,Table16[Pending Bills]) -> 5052371.2 | D8: =SUBTOTAL(109,Table16[(< 15 days )]) -> 1659000 | E8: =SUBTOTAL(109,Table16[15 to 30 days]) -> 5950 | F8: =SUBTOTAL(109,Table16[30 to 45 days]) -> 80925 | G8: =SUBTOTAL(109,Table16[45 to 60 days]) -> 0 | H8: =SUBTOTAL(109,Table16[60 to 90 days]) -> 0 | I8: =SUBTOTAL(109,Table16[90 to 180 days]) -> 468450 | J8: =SUBTOTAL(109,Table16[180 to 365 days]) -> 1196972.2 | K8: =SUBTOTAL(109,Table16[365 to 730 days]) -> 1125550 | L8: =SUBTOTAL(109,Table16[(> 730 days )]) -> 515524

Sheet M Prabhakar Rao
B1: =+A3 -> Prabhakar | C1: SD Ageing Report as of 31/07/2026
A2: ASM | B2: Particulars | C2: Pending Bills | D2: (< 15 days ) | E2: 15 to 30 days | F2: 30 to 45 days | G2: 45 to 60 days | H2: 60 to 90 days | I2: 90 to 180 days | J2: 180 to 365 days | K2: 365 to 730 days | L2: (> 730 days )
A3: Prabhakar | B3: Ashwatha Narayana Poultry Farm | C3: 4550 | D3: 0 | E3: 0 | F3: 0 | G3: 0 | H3: 0 | I3: 0 | J3: 0 | K3: 0 | L3: 4550
A4: Prabhakar | B4: GMI Poultry Foods | C4: 125036 | D4: 0 | E4: 0 | F4: 0 | G4: 0 | H4: 0 | I4: 0 | J4: 0 | K4: 125036 | L4: 0
A5: Prabhakar | B5: Hanumanthappa Poultry Farm | C5: 168114 | D5: 0 | E5: 0 | F5: 0 | G5: 0 | H5: 0 | I5: 0 | J5: 0 | K5: 168114 | L5: 0
A6: Prabhakar | B6: Hanumanthappa Poultry Farm | C6: 12300 | D6: 0 | E6: 0 | F6: 0 | G6: 0 | H6: 0 | I6: 0 | J6: 0 | K6: 0 | L6: 12300
A7: Prabhakar | B7: Harsha Poultry Farm | C7: 8400 | D7: 0 | E7: 0 | F7: 0 | G7: 0 | H7: 0 | I7: 0 | J7: 0 | K7: 0 | L7: 8400
A8: Prabhakar | B8: HKGN Poultry Farm | C8: 24074 | D8: 0 | E8: 0 | F8: 0 | G8: 0 | H8: 0 | I8: 0 | J8: 0 | K8: 23124 | L8: 950
A9: Prabhakar | B9: Jeelan Poultry Farm | C9: 173480 | D9: 0 | E9: 0 | F9: 0 | G9: 0 | H9: 0 | I9: 0 | J9: 0 | K9: 173480 | L9: 0
A10: Prabhakar | B10: Jyothi Poultry Farms | C10: 81564.16 | D10: 0 | E10: 0 | F10: 0 | G10: 0 | H10: 0 | I10: 0 | J10: 0 | K10: 81564.16 | L10: 0
A11: Prabhakar | B11: Kadabageri Kotresh | C11: 21000 | D11: 0 | E11: 0 | F11: 0 | G11: 0 | H11: 0 | I11: 0 | J11: 0 | K11: 0 | L11: 21000
A12: Prabhakar | B12: Kadabageri Kotresh | C12: 114750 | D12: 0 | E12: 0 | F12: 0 | G12: 0 | H12: 0 | I12: 0 | J12: 0 | K12: 0 | L12: 114750
A13: Prabhakar | B13: Karnataka Poultry Farm | C13: 6444.4 | D13: 0 | E13: 0 | F13: 0 | G13: 0 | H13: 0 | I13: 0 | J13: 0 | K13: 0 | L13: 6444.4
A14: Prabhakar | B14: Karthik Poultry Farm | C14: 12000 | D14: 0 | E14: 0 | F14: 0 | G14: 0 | H14: 0 | I14: 0 | J14: 0 | K14: 0 | L14: 12000
... A50: Prabhakar | B50: Venkateshwara Poultry Farm - Harihara | C50: 6150 | D50: 0 | E50: 0 | F50: 0 | G50: 0 | H50: 0 | I50: 0 | J50: 0 | K50: 0 | L50: 6150
B51: Grand Total | C51: =SUBTOTAL(109,Table17[Pending Bills]) -> 7642508.6 | D51: =SUBTOTAL(109,Table17[(< 15 days )]) -> 0 | E51: =SUBTOTAL(109,Table17[15 to 30 days]) -> 0 | F51: =SUBTOTAL(109,Table17[30 to 45 days]) -> 0 | G51: =SUBTOTAL(109,Table17[45 to 60 days]) -> 0 | H51: =SUBTOTAL(109,Table17[60 to 90 days]) -> 0 | I51: =SUBTOTAL(109,Table17[90 to 180 days]) -> 0 | J51: =SUBTOTAL(109,Table17[180 to 365 days]) -> 0 | K51: =SUBTOTAL(109,Table17[365 to 730 days]) -> 2243843.2 | L51: =SUBTOTAL(109,Table17[(> 730 days )]) -> 5398665.4

Sheet Raghavendra P
B1: {=+Table18[ASM]} -> Raghavendra | C1: SD Ageing Report as of 31/07/2026
A2: ASM | B2: Particulars | C2: Pending Bills | D2: (< 15 days ) | E2: 15 to 30 days | F2: 30 to 45 days | G2: 45 to 60 days | H2: 60 to 90 days | I2: 90 to 180 days | J2: 180 to 365 days | K2: 365 to 730 days | L2: (> 730 days )
A3: Raghavendra | B3: Shakra Feeds & Hatcheries | C3: 985733 | D3: 0 | E3: 0 | F3: 0 | G3: 0 | H3: 0 | I3: 0 | J3: 0 | K3: 985733 | L3: 0

Sheet Ravibabu
B1: =+A3 -> Ravibabu | C1: SD Ageing Report as of 31/07/2026
A2: ASM | B2: Particulars | C2: Pending Bills | D2: (< 15 days ) | E2: 15 to 30 days | F2: 30 to 45 days | G2: 45 to 60 days | H2: 60 to 90 days | I2: 90 to 180 days | J2: 180 to 365 days | K2: 365 to 730 days | L2: (> 730 days )
A3: Ravibabu | B3: A1 Fresh Chicken & Poultry Centre _x000D_ | C3: 299887.15 | D3: 0 | E3: 0 | F3: 0 | G3: 0 | H3: 0 | I3: 0 | J3: 0 | K3: 0 | L3: 299887.15
A4: Ravibabu | B4: Honey Poultry Feeds_x000D_ | C4: 877923 | D4: 0 | E4: 0 | F4: 0 | G4: 0 | H4: 0 | I4: 0 | J4: 0 | K4: 0 | L4: 877923
A5: Ravibabu | B5: K.R.Traders _x000D_ | C5: 157024.79 | D5: 0 | E5: 0 | F5: 0 | G5: 0 | H5: 0 | I5: 0 | J5: 0 | K5: 0 | L5: 157024.79
A6: Ravibabu | B6: Nalini Poultry Farm_x000D_ | C6: 234437 | D6: 0 | E6: 0 | F6: 0 | G6: 0 | H6: 0 | I6: 0 | J6: 0 | K6: 0 | L6: 234437
A7: Ravibabu | B7: NNR Associates _x000D_ | C7: 891238.03 | D7: 0 | E7: 0 | F7: 0 | G7: 0 | H7: 0 | I7: 0 | J7: 0 | K7: 0 | L7: 891238.03
A8: Ravibabu | B8: Sri Sai Ram Poultry Feeds_x000D_ | C8: 647718 | D8: 0 | E8: 0 | F8: 0 | G8: 0 | H8: 0 | I8: 0 | J8: 0 | K8: 0 | L8: 647718
A9: Ravibabu | B9: Srinivasa Poultry Farm, Chandrala | C9: 458504 | D9: 0 | E9: 0 | F9: 0 | G9: 0 | H9: 0 | I9: 0 | J9: 0 | K9: 0 | L9: 458504
A10: Ravibabu | B10: T.Vasu Poultry Farm_x000D_ | C10: 34317 | D10: 0 | E10: 0 | F10: 0 | G10: 0 | H10: 0 | I10: 0 | J10: 0 | K10: 0 | L10: 34317
A11: Ravibabu | B11: Y Ranjth Kumar Poultry Farm | C11: 12860.52 | D11: 0 | E11: 0 | F11: 0 | G11: 0 | H11: 0 | I11: 0 | J11: 0 | K11: 12860.52 | L11: 0
B12: Grand Total | C12: =SUBTOTAL(109,C3:C11) -> 3613909.5 | D12: =SUBTOTAL(109,D3:D11) -> 0 | E12: =SUBTOTAL(109,E3:E11) -> 0 | F12: =SUBTOTAL(109,F3:F11) -> 0 | G12: =SUBTOTAL(109,G3:G11) -> 0 | H12: =SUBTOTAL(109,H3:H11) -> 0 | I12: =SUBTOTAL(109,I3:I11) -> 0 | J12: =SUBTOTAL(109,J3:J11) -> 0 | ... L12: =SUBTOTAL(109,L3:L11) -> 3601049

Sheet Direct
B1: =+A3 -> Direct - Active | C1: SD Ageing Report as of 31/07/2026
A2: ASM | B2: Particulars | C2: Pending Bills | D2: (< 15 days ) | E2: 15 to 30 days | F2: 30 to 45 days | G2: 45 to 60 days | H2: 60 to 90 days | I2: 90 to 180 days | J2: 180 to 365 days | K2: 365 to 730 days | L2: (> 730 days )
A3: Direct - Active | B3: Aavion Enterprises Drs | C3: 59400 | D3: 0 | E3: 0 | F3: 45000 | G3: 14400 | H3: 0 | I3: 0 | J3: 0 | K3: 0 | L3: 0
A4: Direct - Active | B4: Akash Enterprises | C4: 1635149.8 | D4: 67625 | E4: 153650 | F4: 316125 | G4: 171150 | H4: 715750 | I4: 210849.84 | J4: 0 | K4: 0 | L4: 0
A5: Direct - Active | B5: Chowdayya Poultry Farms Malavalli | C5: 13625 | D5: 0 | E5: 0 | F5: 0 | G5: 0 | H5: 13625 | I5: 0 | J5: 0 | K5: 0 | L5: 0
A6: Direct - Active | B6: CNC Poultry Farms & Feeds | C6: 4837099 | D6: 136500 | E6: 283620 | F6: 585945 | G6: 261600 | H6: 1262250 | I6: 1394260 | J6: 912924 | K6: 0 | L6: 0
A7: Direct - Active | B7: CNC Poultry Farms & Feeds | C7: 133500 | D7: 133500 | E7: 0 | F7: 0 | G7: 0 | H7: 0 | I7: 0 | J7: 0 | K7: 0 | L7: 0
A8: Direct - Active | B8: G.P.P.Poultry Farm | C8: 4307350 | D8: 912190 | E8: 1141200 | F8: 900410 | G8: 686000 | H8: 667550 | I8: 0 | J8: 0 | K8: 0 | L8: 0
A9: Direct - Active | B9: Happy Feed & Farms LLP | C9: 21500 | D9: 0 | E9: 0 | F9: 0 | G9: 0 | H9: 0 | I9: 21500 | J9: 0 | K9: 0 | L9: 0
A10: Direct - Active | B10: Javare Gowda Dairy Farm | C10: 8815 | D10: 0 | E10: 0 | F10: 0 | G10: 0 | H10: 3320 | I10: 5495 | J10: 0 | K10: 0 | L10: 0
A11: Direct - Active | B11: Jogi Gowda Poultry Farm | C11: 86330 | D11: 27230 | E11: 59100 | F11: 0 | G11: 0 | H11: 0 | I11: 0 | J11: 0 | K11: 0 | L11: 0
A12: Direct - Active | B12: K G Satya Poultry Farm | C12: 367278 | D12: 183088 | E12: 95800 | F12: 0 | G12: 88390 | H12: 0 | I12: 0 | J12: 0 | K12: 0 | L12: 0
A13: Direct - Active | B13: Kabbalamma Poultry Farm | C13: 92049 | D13: 68250 | E13: 0 | F13: 0 | G13: 23799 | H13: 0 | I13: 0 | J13: 0 | K13: 0 | L13: 0
A14: Direct - Active | B14: Krishna Poultry Farm | C14: 2754944.5 | D14: 0 | E14: 225100 | F14: 0 | G14: 186650 | H14: 174300 | I14: 1702445 | J14: 466449.52 | K14: 0 | L14: 0
... A41: Direct - Active | B41: Vishwanatha Poultry Farm | C41: 2345 | D41: 2345 | E41: 0 | F41: 0 | G41: 0 | H41: 0 | I41: 0 | J41: 0 | K41: 0 | L41: 0
B42: Total | C42: =SUBTOTAL(109,Table11[Pending Bills]) -> 16257522 | D42: =SUBTOTAL(109,Table11[(< 15 days )]) -> 1616573 | E42: =SUBTOTAL(109,Table11[15 to 30 days]) -> 2811956 | F42: =SUBTOTAL(109,Table11[30 to 45 days]) -> 2308600 | G42: =SUBTOTAL(109,Table11[45 to 60 days]) -> 1472565 | H42: =SUBTOTAL(109,Table11[60 to 90 days]) -> 3198507 | I42: =SUBTOTAL(109,Table11[90 to 180 days]) -> 3433392.8 | J42: =SUBTOTAL(109,Table11[180 to 365 days]) -> 1379373.5 | K42: =SUBTOTAL(109,Table11[365 to 730 days]) -> 2600 | L42: =SUBTOTAL(109,Table11[(> 730 days )]) -> 33955
B44: =+A46 -> Direct - Inactive | C44: SD Ageing Report as of 31/07/2026
A45: ASM | B45: Particulars | C45: Pending Bills | D45: (< 15 days ) | E45: 15 to 30 days | F45: 30 to 45 days | G45: 45 to 60 days | H45: 60 to 90 days | I45: 90 to 180 days | J45: 180 to 365 days | K45: 365 to 730 days | L45: (> 730 days )
A46: Direct - Inactive | B46: Abhinay Reddy Poultry Farm | C46: 170371 | D46: 0 | E46: 0 | F46: 0 | G46: 0 | H46: 0 | I46: 0 | J46: 0 | K46: 0 | L46: 170371
A47: Direct - Inactive | B47: Abhishek Poultry Farm K Shetthali | C47: 30300 | D47: 0 | E47: 0 | F47: 0 | G47: 0 | H47: 0 | I47: 0 | J47: 0 | K47: 30300 | L47: 0
A48: Direct - Inactive | B48: Ajwa Poultry Feed | C48: 121200 | D48: 0 | E48: 0 | F48: 0 | G48: 0 | H48: 0 | I48: 121200 | J48: 0 | K48: 0 | L48: 0
A49: Direct - Inactive | B49: Akash Pig Farm | C49: 6570 | D49: 0 | E49: 0 | F49: 0 | G49: 0 | H49: 0 | I49: 0 | J49: 0 | K49: 6570 | L49: 0
A50: Direct - Inactive | B50: Ambarish Poultry Farm | C50: 149739 | D50: 0 | E50: 0 | F50: 0 | G50: 0 | H50: 0 | I50: 0 | J50: 0 | K50: 0 | L50: 149739
A51: Direct - Inactive | B51: Ambika Poultry Farm | C51: 236276.25 | D51: 0 | E51: 0 | F51: 0 | G51: 0 | H51: 0 | I51: 0 | J51: 0 | K51: 236276.25 | L51: 0
A52: Direct - Inactive | B52: Amol Pig Farm | C52: 104690 | D52: 0 | E52: 0 | F52: 0 | G52: 0 | H52: 0 | I52: 0 | J52: 0 | K52: 76240 | L52: 28450
A53: Direct - Inactive | B53: Ananya Poultry Farm & Supplies | C53: 54000 | D53: 0 | E53: 0 | F53: 0 | G53: 0 | H53: 0 | I53: 0 | J53: 0 | K53: 0 | L53: 54000
A54: Direct - Inactive | B54: Anjali Enterprises | C54: 305642.81 | D54: 0 | E54: 0 | F54: 0 | G54: 0 | H54: 0 | I54: 0 | J54: 0 | K54: 0 | L54: 305642.81
A55: Direct - Inactive | B55: Annapoorna Poultry Farm | C55: 32650 | D55: 0 | E55: 0 | F55: 0 | G55: 0 | H55: 0 | I55: 0 | J55: 0 | K55: 0 | L55: 32650
A56: Direct - Inactive | B56: Ashok Poultry Farm_x000D_ | C56: 599850 | D56: 0 | E56: 0 | F56: 0 | G56: 0 | H56: 0 | I56: 0 | J56: 0 | K56: 0 | L56: 599850
A57: Direct - Inactive | B57: Associate Professor Dept.of ILFC Dairy | C57: 8911 | D57: 0 | E57: 0 | F57: 0 | G57: 0 | H57: 0 | I57: 0 | J57: 0 | K57: 0 | L57: 8911
... A152: Direct - Inactive | B152: Veterinary Collage | C152: 1550 | D152: 0 | E152: 0 | F152: 0 | G152: 0 | H152: 0 | I152: 0 | J152: 0 | K152: 1550 | L152: 0
B153: Total | C153: =SUBTOTAL(109,Table12[Pending Bills]) -> 48756389 | D153: =SUBTOTAL(109,Table12[(< 15 days )]) -> 0 | E153: =SUBTOTAL(109,Table12[15 to 30 days]) -> 0 | F153: =SUBTOTAL(109,Table12[30 to 45 days]) -> 0 | G153: =SUBTOTAL(109,Table12[45 to 60 days]) -> 0 | H153: =SUBTOTAL(109,Table12[60 to 90 days]) -> 0 | I153: =SUBTOTAL(109,Table12[90 to 180 days]) -> 297680 | J153: =SUBTOTAL(109,Table12[180 to 365 days]) -> 1078159 | K153: =SUBTOTAL(109,Table12[365 to 730 days]) -> 1621800.2 | L153: =SUBTOTAL(109,Table12[(> 730 days )]) -> 45758750
A155: ASM | B155: Particulars | C155: Pending Bills | D155: (< 15 days ) | E155: 15 to 30 days | F155: 30 to 45 days | G155: 45 to 60 days | H155: 60 to 90 days | I155: 90 to 180 days | J155: 180 to 365 days | K155: 365 to 730 days | L155: (> 730 days )
A156: DR | B156: Utpala Live Stocks | C156: 95 | D156: 95 | E156: 0 | F156: 0 | G156: 0 | H156: 0 | I156: 0 | J156: 0 | K156: 0 | L156: 0
B157: Total | C157: =SUBTOTAL(109,Table13[Pending Bills]) -> 95 | D157: =SUBTOTAL(109,Table13[(< 15 days )]) -> 95 | E157: =SUBTOTAL(109,Table13[15 to 30 days]) -> 0 | F157: =SUBTOTAL(109,Table13[30 to 45 days]) -> 0 | G157: =SUBTOTAL(109,Table13[45 to 60 days]) -> 0 | H157: =SUBTOTAL(109,Table13[60 to 90 days]) -> 0 | I157: =SUBTOTAL(109,Table13[90 to 180 days]) -> 0 | J157: =SUBTOTAL(109,Table13[180 to 365 days]) -> 0 | K157: =SUBTOTAL(109,Table13[365 to 730 days]) -> 0 | L157: =SUBTOTAL(109,Table13[(> 730 days )]) -> 0
B159: Grand Total | C159: =+Table13[[#Totals],[Pending Bills]]+Table12[[#Totals],[Pending Bills]]+Table11[[#Totals],[Pending Bills]] -> 65014007 | D159: =+Table13[[#Totals],[(< 15 days )]]+Table12[[#Totals],[(< 15 days )]]+Table11[[#Totals],[(< 15 days )]] -> 1616668 | E159: =+Table13[[#Totals],[15 to 30 days]]+Table12[[#Totals],[15 to 30 days]]+Table11[[#Totals],[15 to 30 days]] -> 2811956 | F159: =+Table13[[#Totals],[30 to 45 days]]+Table12[[#Totals],[30 to 45 days]]+Table11[[#Totals],[30 to 45 days]] -> 2308600 | G159: =+Table13[[#Totals],[45 to 60 days]]+Table12[[#Totals],[45 to 60 days]]+Table11[[#Totals],[45 to 60 days]] -> 1472565 | H159: =+Table13[[#Totals],[60 to 90 days]]+Table12[[#Totals],[60 to 90 days]]+Table11[[#Totals],[60 to 90 days]] -> 3198507 | I159: =+Table13[[#Totals],[90 to 180 days]]+Table12[[#Totals],[90 to 180 days]]+Table11[[#Totals],[90 to 180 days]] -> 3731072.8 | J159: =+Table13[[#Totals],[180 to 365 days]]+Table12[[#Totals],[180 to 365 days]]+Table11[[#Totals],[180 to 365 days]] -> 2457532.5 | K159: =+Table13[[#Totals],[365 to 730 days]]+Table12[[#Totals],[365 to 730 days]]+Table11[[#Totals],[365 to 730 days]] -> 1624400.2 | L159: =+Table13[[#Totals],[(> 730 days )]]+Table12[[#Totals],[(> 730 days )]]+Table11[[#Totals],[(> 730 days )]] -> 45792705
